Id;Cycle;DateTime;Flow;EntryLoad;OutputLoad;PumpCurrent;PumpVelocity
0;1;2017-04-23 14:38:39,310;97;255;100;3734;10
1;1;2017-04-23 14:38:52,515;95;250;100;3931;10
2;1;2017-04-23 14:39:05,554;96;245;100;4378;10
3;1;2017-04-23 14:39:18,585;98;240;100;3680;10
4;1;2017-04-23 14:39:31,616;98;235;100;4395;10
5;1;2017-04-23 14:39:44,647;98;230;100;4363;10
6;1;2017-04-23 14:39:57,679;99;225;100;4440;10
7;1;2017-04-23 14:40:10,708;99;220;100;4411;10
8;1;2017-04-23 14:40:23,740;98;215;100;4264;10
9;1;2017-04-23 14:40:36,771;99;210;100;3973;10
10;1;2017-04-23 14:40:49,801;98;205;100;4411;10
11;1;2017-04-23 14:41:02,831;98;200;100;4431;10
12;1;2017-04-23 14:41:15,860;98;195;100;3675;10
13;1;2017-04-23 14:41:28,889;98;190;100;3561;10
14;1;2017-04-23 14:41:41,917;101;185;100;3605;10
15;1;2017-04-23 14:41:54,947;101;180;100;3845;10
16;1;2017-04-23 14:42:07,976;102;175;100;4367;10
17;1;2017-04-23 14:42:21,006;103;170;100;4048;10
18;1;2017-04-23 14:42:34,036;102;165;100;3651;10
19;1;2017-04-23 14:42:47,065;102;160;100;4303;10
20;1;2017-04-23 14:43:00,095;101;155;100;3485;10
21;1;2017-04-23 14:43:13,126;100;150;100;3850;10
22;1;2017-04-23 14:43:26,156;100;145;100;3705;10
23;1;2017-04-23 14:43:39,187;100;140;100;4235;10
24;1;2017-04-23 14:43:52,216;101;135;100;3499;10
25;1;2017-04-23 14:44:05,248;100;130;100;4027;10
26;1;2017-04-23 14:44:18,277;100;125;100;3981;10
27;1;2017-04-23 14:44:31,306;99;120;100;3590;10
28;1;2017-04-23 14:44:44,337;100;115;100;4280;10
29;1;2017-04-23 14:44:57,367;98;110;100;3709;10
30;1;2017-04-23 14:45:10,397;96;105;100;3496;10
31;1;2017-04-23 14:45:23,429;96;100;100;4358;10
32;1;2017-04-23 14:45:36,460;95;95;100;4398;10
33;1;2017-04-23 14:45:49,491;94;90;100;4411;10
34;1;2017-04-23 14:46:02,522;93;85;100;3747;10
35;1;2017-04-23 14:46:15,554;90;80;100;4430;10
36;1;2017-04-23 14:46:28,585;86;75;100;4077;10
37;1;2017-04-23 14:46:41,615;81;70;100;3579;10
38;1;2017-04-23 14:46:54,646;77;65;100;3375;10
39;1;2017-04-23 14:47:07,676;75;60;100;3740;10
40;1;2017-04-23 14:47:20,706;73;55;100;4330;10
41;1;2017-04-23 14:47:33,737;72;50;100;4138;10
42;1;2017-04-23 14:47:46,767;71;45;100;4419;10
43;1;2017-04-23 14:47:59,797;71;40;100;3556;10
44;1;2017-04-23 14:48:12,827;70;35;100;3522;10
45;1;2017-04-23 14:48:25,858;70;30;100;3420;10
46;1;2017-04-23 14:48:38,888;69;25;100;3567;10
47;1;2017-04-23 14:48:51,920;66;20;100;3387;10
48;1;2017-04-23 14:49:04,951;60;15;100;4313;10
49;1;2017-04-23 14:49:17,981;55;10;100;3539;10
50;1;2017-04-23 14:49:31,014;39;5;100;4364;10
51;1;2017-04-23 14:49:44,043;0;0;100;3087;10
52;1;2017-04-23 14:49:57,075;0;0;100;3319;10
53;1;2017-04-23 14:50:10,104;0;2;100;3973;10
54;1;2017-04-23 14:50:23,134;0;4;100;3711;10
55;1;2017-04-23 14:50:36,166;0;6;100;3723;10
56;1;2017-04-23 14:50:49,198;9;8;100;3621;10
57;1;2017-04-23 14:51:02,228;27;10;100;4278;10
58;1;2017-04-23 14:51:15,256;26;12;100;3015;10
59;1;2017-04-23 14:51:28,285;35;14;100;3746;10
60;1;2017-04-23 14:51:41,315;40;16;100;3117;10
61;1;2017-04-23 14:51:54,344;41;18;100;4331;10
62;1;2017-04-23 14:52:07,374;45;20;100;3514;10
63;1;2017-04-23 14:52:20,404;48;22;100;3230;10
64;1;2017-04-23 14:52:33,435;48;24;100;3696;10
65;1;2017-04-23 14:52:46,466;51;26;100;3192;10
66;1;2017-04-23 14:52:59,498;54;28;100;4189;10
67;1;2017-04-23 14:53:12,527;55;30;100;3504;10
68;1;2017-04-23 14:53:25,558;55;32;100;3240;10
69;1;2017-04-23 14:53:38,588;54;34;100;4323;10
70;1;2017-04-23 14:53:51,618;57;36;100;3401;10
71;1;2017-04-23 14:54:04,650;58;38;100;4223;10
72;1;2017-04-23 14:54:17,680;57;40;100;4069;10
73;1;2017-04-23 14:54:30,710;58;42;100;4011;10
74;1;2017-04-23 14:54:43,740;58;44;100;4343;10
75;1;2017-04-23 14:54:56,770;58;46;100;3221;10
76;1;2017-04-23 14:55:09,800;60;48;100;3343;10
77;1;2017-04-23 14:55:22,830;63;50;100;4087;10
78;1;2017-04-23 14:55:35,862;64;52;100;4193;10
79;1;2017-04-23 14:55:48,892;67;54;100;4256;10
80;1;2017-04-23 14:56:01,923;68;56;100;4005;10
81;1;2017-04-23 14:56:14,954;68;58;100;4314;10
82;1;2017-04-23 14:56:27,984;68;60;100;4357;10
83;1;2017-04-23 14:56:41,015;70;62;100;3927;10
84;1;2017-04-23 14:56:54,045;70;64;100;3823;10
85;1;2017-04-23 14:57:07,077;70;66;100;3967;10
86;1;2017-04-23 14:57:20,107;71;68;100;3246;10
87;1;2017-04-23 14:57:33,137;70;70;100;3992;10
88;1;2017-04-23 14:57:46,167;73;72;100;4434;10
89;1;2017-04-23 14:57:59,200;77;74;100;3369;10
90;1;2017-04-23 14:58:12,228;81;76;100;4067;10
91;1;2017-04-23 14:58:25,257;81;78;100;4326;10
92;1;2017-04-23 14:58:38,288;82;80;100;4364;10
93;1;2017-04-23 14:58:51,320;85;82;100;3915;10
94;1;2017-04-23 14:59:04,351;86;84;100;3854;10
95;1;2017-04-23 14:59:17,383;87;86;100;4443;10
96;1;2017-04-23 14:59:30,413;90;88;100;4387;10
97;1;2017-04-23 14:59:43,441;91;90;100;3499;10
98;1;2017-04-23 14:59:56,471;94;92;100;4442;10
99;1;2017-04-23 15:00:09,499;87;94;100;4413;10
100;1;2017-04-23 15:00:22,529;81;96;100;3487;10
101;1;2017-04-23 15:00:35,558;83;98;100;3580;10
102;1;2017-04-23 15:00:48,586;88;100;100;3814;10
103;1;2017-04-23 15:01:01,615;90;102;100;4359;10
104;1;2017-04-23 15:01:14,646;90;104;100;4444;10
105;1;2017-04-23 15:01:27,677;92;106;100;3632;10
106;1;2017-04-23 15:01:40,706;89;108;100;4201;10
107;1;2017-04-23 15:01:53,737;86;110;100;3437;10
108;1;2017-04-23 15:02:06,768;87;112;100;3679;10
109;1;2017-04-23 15:02:19,798;87;114;100;4287;10
110;1;2017-04-23 15:02:32,827;88;116;100;4432;10
111;1;2017-04-23 15:02:45,858;90;118;100;3471;10
112;1;2017-04-23 15:02:58,889;87;120;100;3874;10
113;1;2017-04-23 15:03:11,918;82;122;100;3774;10
114;1;2017-04-23 15:03:24,947;83;124;100;4411;10
115;1;2017-04-23 15:03:37,979;81;126;100;4338;10
116;1;2017-04-23 15:03:51,009;80;128;100;4339;10
117;1;2017-04-23 15:04:04,040;78;130;100;4182;10
118;1;2017-04-23 15:04:17,071;79;132;100;4375;10
119;1;2017-04-23 15:04:30,103;79;134;100;3720;10
120;1;2017-04-23 15:04:43,131;80;136;100;4134;10
121;1;2017-04-23 15:04:56,162;83;138;100;3759;10
122;1;2017-04-23 15:05:09,191;87;140;100;3912;10
123;1;2017-04-23 15:05:22,223;87;142;100;3578;10
124;1;2017-04-23 15:05:35,253;89;144;100;3975;10
125;1;2017-04-23 15:05:48,283;89;146;100;4414;10
126;1;2017-04-23 15:06:01,312;90;148;100;3608;10
127;1;2017-04-23 15:06:14,344;89;150;100;4380;10
128;1;2017-04-23 15:06:27,373;88;152;100;3639;10
129;1;2017-04-23 15:06:40,404;86;154;100;3643;10
130;1;2017-04-23 15:06:53,435;85;156;100;3621;10
131;1;2017-04-23 15:07:06,467;84;158;100;4421;10
132;1;2017-04-23 15:07:19,508;85;160;100;3652;10
133;1;2017-04-23 15:07:32,535;87;162;100;4405;10
134;1;2017-04-23 15:07:45,578;87;164;100;4116;10
135;1;2017-04-23 15:07:58,623;90;166;100;3573;10
136;1;2017-04-23 15:08:11,669;90;168;100;4372;10
137;1;2017-04-23 15:08:24,697;89;170;100;4296;10
138;1;2017-04-23 15:08:37,736;86;172;100;3784;10
139;1;2017-04-23 15:08:50,767;87;174;100;3559;10
140;1;2017-04-23 15:09:03,810;86;176;100;4148;10
141;1;2017-04-23 15:09:16,841;85;178;100;3534;10
142;1;2017-04-23 15:09:29,885;86;180;100;3700;10
143;1;2017-04-23 15:09:42,917;84;182;100;3753;10
144;1;2017-04-23 15:09:55,948;83;184;100;4437;10
145;1;2017-04-23 15:10:08,986;84;186;100;4444;10
146;1;2017-04-23 15:10:22,030;85;188;100;4279;10
147;1;2017-04-23 15:10:35,072;84;190;100;3957;10
148;1;2017-04-23 15:10:48,116;84;192;100;3749;10
149;1;2017-04-23 15:11:01,147;88;194;100;3893;10
150;1;2017-04-23 15:11:14,179;91;196;100;4060;10
151;1;2017-04-23 15:11:27,234;92;198;100;4415;10
152;1;2017-04-23 15:11:40,277;90;200;100;4068;10
153;1;2017-04-23 15:11:53,320;89;202;100;4181;10
154;1;2017-04-23 15:12:06,351;89;204;100;4443;10
155;1;2017-04-23 15:12:19,411;92;206;100;4223;10
156;1;2017-04-23 15:12:32,456;93;208;100;4131;10
157;1;2017-04-23 15:12:45,487;92;210;100;4259;10
158;1;2017-04-23 15:12:58,512;92;212;100;3455;10
159;1;2017-04-23 15:13:11,550;86;214;100;3598;10
160;1;2017-04-23 15:13:24,582;90;216;100;4397;10
161;1;2017-04-23 15:13:37,614;91;218;100;3842;10
162;1;2017-04-23 15:13:50,673;85;220;100;3634;10
163;1;2017-04-23 15:14:03,720;93;222;100;3728;10
164;1;2017-04-23 15:14:16,754;99;224;100;3599;10
165;1;2017-04-23 15:14:29,793;97;226;100;3635;10
166;1;2017-04-23 15:14:42,822;96;228;100;4444;10
167;1;2017-04-23 15:14:55,855;93;230;100;3504;10
168;1;2017-04-23 15:15:08,890;95;232;100;3707;10
169;1;2017-04-23 15:15:21,917;98;234;100;4125;10
170;1;2017-04-23 15:15:34,945;96;236;100;3595;10
171;1;2017-04-23 15:15:47,975;94;238;100;3540;10
172;1;2017-04-23 15:16:01,009;93;240;100;4330;10
173;1;2017-04-23 15:16:14,040;90;242;100;3611;10
174;1;2017-04-23 15:16:27,068;87;244;100;3661;10
175;1;2017-04-23 15:16:40,104;80;246;100;4202;10
176;1;2017-04-23 15:16:53,135;87;248;100;3995;10
177;1;2017-04-23 15:17:06,169;90;250;100;3610;10
178;1;2017-04-23 15:17:19,208;87;252;100;3934;10
179;1;2017-04-23 15:17:32,238;75;254;100;3543;10
180;2;2017-04-23 15:22:07,451;80;255;100;3268;9
181;2;2017-04-23 15:22:20,497;80;250;100;3378;9
182;2;2017-04-23 15:22:33,543;87;245;100;3623;9
183;2;2017-04-23 15:22:46,583;82;240;100;4246;9
184;2;2017-04-23 15:22:59,627;89;235;100;4355;9
185;2;2017-04-23 15:23:12,670;90;230;100;3479;9
186;2;2017-04-23 15:23:25,713;94;225;100;3574;9
187;2;2017-04-23 15:23:38,744;97;220;100;4415;9
188;2;2017-04-23 15:23:51,760;95;215;100;4423;9
189;2;2017-04-23 15:24:04,785;96;210;100;3573;9
190;2;2017-04-23 15:24:17,827;94;205;100;3796;9
191;2;2017-04-23 15:24:30,858;92;200;100;3323;9
192;2;2017-04-23 15:24:43,916;94;195;100;3544;9
193;2;2017-04-23 15:24:56,959;97;190;100;3979;9
194;2;2017-04-23 15:25:09,991;96;185;100;3599;9
195;2;2017-04-23 15:25:23,023;96;180;100;3580;9
196;2;2017-04-23 15:25:36,062;97;175;100;4335;9
197;2;2017-04-23 15:25:49,105;95;170;100;3995;9
198;2;2017-04-23 15:26:02,148;95;165;100;4383;9
199;2;2017-04-23 15:26:15,192;95;160;100;4031;9
200;2;2017-04-23 15:26:28,223;94;155;100;4277;9
201;2;2017-04-23 15:26:41,253;93;150;100;4219;9
202;2;2017-04-23 15:26:54,300;93;145;100;4432;9
203;2;2017-04-23 15:27:07,337;93;140;100;4174;9
204;2;2017-04-23 15:27:20,367;92;135;100;3410;9
205;2;2017-04-23 15:27:33,411;93;130;100;3672;9
206;2;2017-04-23 15:27:46,442;92;125;100;4096;9
207;2;2017-04-23 15:27:59,485;93;120;100;3871;9
208;2;2017-04-23 15:28:12,515;93;115;100;3386;9
209;2;2017-04-23 15:28:25,546;95;110;100;3349;9
210;2;2017-04-23 15:28:38,588;94;105;100;3856;9
211;2;2017-04-23 15:28:51,631;91;100;100;3920;9
212;2;2017-04-23 15:29:04,674;92;95;100;4387;9
213;2;2017-04-23 15:29:17,718;90;90;100;3591;9
214;2;2017-04-23 15:29:30,762;89;85;100;3394;9
215;2;2017-04-23 15:29:43,793;87;80;100;3299;9
216;2;2017-04-23 15:29:56,825;85;75;100;3351;9
217;2;2017-04-23 15:30:09,850;82;70;100;3554;9
218;2;2017-04-23 15:30:22,894;79;65;100;4347;9
219;2;2017-04-23 15:30:35,937;78;60;100;3307;9
220;2;2017-04-23 15:30:48,979;77;55;100;3831;9
221;2;2017-04-23 15:31:02,024;75;50;100;3739;9
222;2;2017-04-23 15:31:15,070;74;45;100;4155;9
223;2;2017-04-23 15:31:28,102;73;40;100;3299;9
224;2;2017-04-23 15:31:41,141;72;35;100;4295;9
225;2;2017-04-23 15:31:54,184;71;30;100;3803;9
226;2;2017-04-23 15:32:07,227;71;25;100;3990;9
227;2;2017-04-23 15:32:20,271;68;20;100;4290;9
228;2;2017-04-23 15:32:33,302;63;15;100;3075;9
229;2;2017-04-23 15:32:46,334;54;10;100;3003;9
230;2;2017-04-23 15:32:59,363;45;5;100;3473;9
231;2;2017-04-23 15:33:12,388;1;0;100;2879;9
232;2;2017-04-23 15:33:25,414;0;0;100;3053;9
233;2;2017-04-23 15:33:38,458;0;2;100;2803;9
234;2;2017-04-23 15:33:51,490;0;4;100;2759;9
235;2;2017-04-23 15:34:04,534;0;6;100;2892;9
236;2;2017-04-23 15:34:17,565;11;8;100;3539;9
237;2;2017-04-23 15:34:30,595;29;10;100;3639;9
238;2;2017-04-23 15:34:43,635;29;12;100;3466;9
239;2;2017-04-23 15:34:56,679;35;14;100;2947;9
240;2;2017-04-23 15:35:09,708;42;16;100;3819;9
241;2;2017-04-23 15:35:22,735;41;18;100;4016;9
242;2;2017-04-23 15:35:35,779;44;20;100;3341;9
243;2;2017-04-23 15:35:48,811;48;22;100;2967;9
244;2;2017-04-23 15:36:01,843;49;24;100;3212;9
245;2;2017-04-23 15:36:14,873;50;26;100;3039;9
246;2;2017-04-23 15:36:27,926;55;28;100;4137;9
247;2;2017-04-23 15:36:40,969;56;30;100;4249;9
248;2;2017-04-23 15:36:54,012;55;32;100;3882;9
249;2;2017-04-23 15:37:07,057;55;34;100;3391;9
250;2;2017-04-23 15:37:20,088;57;36;100;3979;9
251;2;2017-04-23 15:37:33,120;57;38;100;4194;9
252;2;2017-04-23 15:37:46,158;56;40;100;3691;9
253;2;2017-04-23 15:37:59,182;56;42;100;4156;9
254;2;2017-04-23 15:38:12,228;57;44;100;4121;9
255;2;2017-04-23 15:38:25,273;56;46;100;3079;9
256;2;2017-04-23 15:38:38,304;58;48;100;4218;9
257;2;2017-04-23 15:38:51,335;57;50;100;3730;9
258;2;2017-04-23 15:39:04,366;57;52;100;4234;9
259;2;2017-04-23 15:39:17,405;59;54;100;3039;9
260;2;2017-04-23 15:39:30,447;60;56;100;3028;9
261;2;2017-04-23 15:39:43,474;61;58;100;3060;9
262;2;2017-04-23 15:39:56,507;63;60;100;3383;9
263;2;2017-04-23 15:40:09,551;64;62;100;4281;9
264;2;2017-04-23 15:40:22,582;64;64;100;3808;9
265;2;2017-04-23 15:40:35,612;65;66;100;3680;9
266;2;2017-04-23 15:40:48,649;67;68;100;4207;9
267;2;2017-04-23 15:41:01,679;68;70;100;4147;9
268;2;2017-04-23 15:41:14,722;68;72;100;4283;9
269;2;2017-04-23 15:41:27,766;72;74;100;3183;9
270;2;2017-04-23 15:41:40,797;75;76;100;3902;9
271;2;2017-04-23 15:41:53,828;77;78;100;3750;9
272;2;2017-04-23 15:42:06,860;78;80;100;3284;9
273;2;2017-04-23 15:42:19,899;81;82;100;4354;9
274;2;2017-04-23 15:42:32,942;80;84;100;4181;9
275;2;2017-04-23 15:42:45,986;79;86;100;3435;9
276;2;2017-04-23 15:42:59,016;80;88;100;3858;9
277;2;2017-04-23 15:43:12,059;81;90;100;3404;9
278;2;2017-04-23 15:43:25,090;81;92;100;3975;9
279;2;2017-04-23 15:43:38,130;81;94;100;4415;9
280;2;2017-04-23 15:43:51,174;81;96;100;3663;9
281;2;2017-04-23 15:44:04,217;82;98;100;4299;9
282;2;2017-04-23 15:44:17,260;82;100;100;3349;9
283;2;2017-04-23 15:44:30,291;82;102;100;3698;9
284;2;2017-04-23 15:44:43,338;82;104;100;3850;9
285;2;2017-04-23 15:44:56,370;83;106;100;3846;9
286;2;2017-04-23 15:45:09,409;83;108;100;3286;9
287;2;2017-04-23 15:45:22,452;83;110;100;4070;9
288;2;2017-04-23 15:45:35,495;89;112;100;3802;9
289;2;2017-04-23 15:45:48,538;88;114;100;4295;9
290;2;2017-04-23 15:46:01,583;89;116;100;3511;9
291;2;2017-04-23 15:46:14,600;89;118;100;4251;9
292;2;2017-04-23 15:46:27,640;90;120;100;3430;9
293;2;2017-04-23 15:46:40,684;88;122;100;4136;9
294;2;2017-04-23 15:46:53,716;85;124;100;4083;9
295;2;2017-04-23 15:47:06,743;83;126;100;4401;9
296;2;2017-04-23 15:47:19,786;85;128;100;3451;9
297;2;2017-04-23 15:47:32,832;85;130;100;4228;9
298;2;2017-04-23 15:47:45,849;85;132;100;4409;9
299;2;2017-04-23 15:47:58,893;86;134;100;3363;9
300;2;2017-04-23 15:48:11,919;85;136;100;3405;9
301;2;2017-04-23 15:48:24,957;85;138;100;4039;9
302;2;2017-04-23 15:48:37,989;84;140;100;3535;9
303;2;2017-04-23 15:48:51,033;85;142;100;3407;9
304;2;2017-04-23 15:49:04,077;87;144;100;4383;9
305;2;2017-04-23 15:49:17,124;85;146;100;3395;9
306;2;2017-04-23 15:49:30,140;88;148;100;3939;9
307;2;2017-04-23 15:49:43,179;87;150;100;3499;9
308;2;2017-04-23 15:49:56,222;87;152;100;3499;9
309;2;2017-04-23 15:50:09,249;87;154;100;3261;9
310;2;2017-04-23 15:50:22,294;87;156;100;3521;9
311;2;2017-04-23 15:50:35,339;88;158;100;3499;9
312;2;2017-04-23 15:50:48,370;87;160;100;4077;9
313;2;2017-04-23 15:51:01,387;86;162;100;3299;9
314;2;2017-04-23 15:51:14,425;85;164;100;3359;9
315;2;2017-04-23 15:51:27,469;87;166;100;4214;9
316;2;2017-04-23 15:51:40,511;91;168;100;3981;9
317;2;2017-04-23 15:51:53,555;92;170;100;3505;9
318;2;2017-04-23 15:52:06,601;91;172;100;3541;9
319;2;2017-04-23 15:52:19,618;91;174;100;3396;9
320;2;2017-04-23 15:52:32,658;91;176;100;3505;9
321;2;2017-04-23 15:52:45,700;91;178;100;3760;9
322;2;2017-04-23 15:52:58,744;90;180;100;3638;9
323;2;2017-04-23 15:53:11,775;91;182;100;3355;9
324;2;2017-04-23 15:53:24,804;91;184;100;3449;9
325;2;2017-04-23 15:53:37,849;92;186;100;4335;9
326;2;2017-04-23 15:53:50,895;92;188;100;4195;9
327;2;2017-04-23 15:54:03,935;91;190;100;3349;9
328;2;2017-04-23 15:54:16,967;92;192;100;3408;9
329;2;2017-04-23 15:54:29,995;92;194;100;4013;9
330;2;2017-04-23 15:54:43,038;90;196;100;3754;9
331;2;2017-04-23 15:54:56,080;90;198;100;3315;9
332;2;2017-04-23 15:55:09,126;90;200;100;3574;9
333;2;2017-04-23 15:55:22,158;89;202;100;4422;9
334;2;2017-04-23 15:55:35,188;90;204;100;4191;9
335;2;2017-04-23 15:55:48,226;91;206;100;3318;9
336;2;2017-04-23 15:56:01,269;90;208;100;3983;9
337;2;2017-04-23 15:56:14,313;91;210;100;3336;9
338;2;2017-04-23 15:56:27,343;86;212;100;3716;9
339;2;2017-04-23 15:56:40,388;86;214;100;3359;9
340;2;2017-04-23 15:56:53,434;87;216;100;4327;9
341;2;2017-04-23 15:57:06,466;87;218;100;3295;9
342;2;2017-04-23 15:57:19,504;87;220;100;4092;9
343;2;2017-04-23 15:57:32,547;88;222;100;3395;9
344;2;2017-04-23 15:57:45,590;89;224;100;3348;9
345;2;2017-04-23 15:57:58,635;88;226;100;3778;9
346;2;2017-04-23 15:58:11,667;88;228;100;4051;9
347;2;2017-04-23 15:58:24,697;89;230;100;4331;9
348;2;2017-04-23 15:58:37,736;89;232;100;3764;9
349;2;2017-04-23 15:58:50,779;88;234;100;4391;9
350;2;2017-04-23 15:59:03,822;86;236;100;4065;9
351;2;2017-04-23 15:59:16,853;85;238;100;4271;9
352;2;2017-04-23 15:59:29,884;85;240;100;3851;9
353;2;2017-04-23 15:59:42,929;84;242;100;3363;9
354;2;2017-04-23 15:59:55,975;84;244;100;4403;9
355;2;2017-04-23 16:00:09,014;83;246;100;3331;9
356;2;2017-04-23 16:00:22,045;81;248;100;3703;9
357;2;2017-04-23 16:00:35,085;80;250;100;3498;9
358;2;2017-04-23 16:00:48,117;80;252;100;4167;9
359;2;2017-04-23 16:01:01,146;78;254;100;3471;9
360;3;2017-04-23 16:03:56,013;77;255;100;4133;8
361;3;2017-04-23 16:04:09,053;76;250;100;4343;8
362;3;2017-04-23 16:04:22,097;75;245;100;3087;8
363;3;2017-04-23 16:04:35,139;75;240;100;3300;8
364;3;2017-04-23 16:04:48,168;75;235;100;3672;8
365;3;2017-04-23 16:05:01,214;75;230;100;3283;8
366;3;2017-04-23 16:05:14,245;75;225;100;3625;8
367;3;2017-04-23 16:05:27,286;75;220;100;3895;8
368;3;2017-04-23 16:05:40,307;75;215;100;3143;8
369;3;2017-04-23 16:05:53,340;75;210;100;3759;8
370;3;2017-04-23 16:06:06,371;75;205;100;4040;8
371;3;2017-04-23 16:06:19,414;74;200;100;3091;8
372;3;2017-04-23 16:06:32,446;75;195;100;3846;8
373;3;2017-04-23 16:06:45,491;75;190;100;3528;8
374;3;2017-04-23 16:06:58,522;74;185;100;3591;8
375;3;2017-04-23 16:07:11,558;73;180;100;3071;8
376;3;2017-04-23 16:07:24,602;74;175;100;2901;8
377;3;2017-04-23 16:07:37,634;74;170;100;2973;8
378;3;2017-04-23 16:07:50,677;74;165;100;3019;8
379;3;2017-04-23 16:08:03,723;74;160;100;3527;8
380;3;2017-04-23 16:08:16,753;74;155;100;2848;8
381;3;2017-04-23 16:08:29,791;74;150;100;3433;8
382;3;2017-04-23 16:08:42,824;72;145;100;2853;8
383;3;2017-04-23 16:08:55,854;72;140;100;2775;8
384;3;2017-04-23 16:09:08,896;73;135;100;3110;8
385;3;2017-04-23 16:09:21,940;72;130;100;2782;8
386;3;2017-04-23 16:09:34,984;73;125;100;2799;8
387;3;2017-04-23 16:09:48,016;73;120;100;2879;8
388;3;2017-04-23 16:10:01,058;74;115;100;3950;8
389;3;2017-04-23 16:10:14,101;72;110;100;3692;8
390;3;2017-04-23 16:10:27,144;73;105;100;3283;8
391;3;2017-04-23 16:10:40,187;72;100;100;3480;8
392;3;2017-04-23 16:10:53,231;71;95;100;2763;8
393;3;2017-04-23 16:11:06,262;71;90;100;3951;8
394;3;2017-04-23 16:11:19,294;71;85;100;3923;8
395;3;2017-04-23 16:11:32,332;69;80;100;3907;8
396;3;2017-04-23 16:11:45,363;67;75;100;2697;8
397;3;2017-04-23 16:11:58,422;65;70;100;3874;8
398;3;2017-04-23 16:12:11,465;62;65;100;3383;8
399;3;2017-04-23 16:12:24,496;60;60;100;3029;8
400;3;2017-04-23 16:12:37,540;59;55;100;3832;8
401;3;2017-04-23 16:12:50,572;58;50;100;2764;8
402;3;2017-04-23 16:13:03,610;58;45;100;2649;8
403;3;2017-04-23 16:13:16,653;58;40;100;2897;8
404;3;2017-04-23 16:13:29,685;59;35;100;3706;8
405;3;2017-04-23 16:13:42,728;59;30;100;2746;8
406;3;2017-04-23 16:13:55,772;57;25;100;2701;8
407;3;2017-04-23 16:14:08,803;56;20;100;2794;8
408;3;2017-04-23 16:14:21,833;52;15;100;2763;8
409;3;2017-04-23 16:14:34,860;45;10;100;2952;8
410;3;2017-04-23 16:14:47,900;29;5;100;3310;8
411;3;2017-04-23 16:15:00,932;1;0;100;2723;8
412;3;2017-04-23 16:15:13,975;0;0;100;3016;8
413;3;2017-04-23 16:15:27,019;0;2;100;2336;8
414;3;2017-04-23 16:15:40,065;0;4;100;3091;8
415;3;2017-04-23 16:15:53,111;0;6;100;2251;8
416;3;2017-04-23 16:16:06,137;8;8;100;3016;8
417;3;2017-04-23 16:16:19,180;28;10;100;2763;8
418;3;2017-04-23 16:16:32,223;28;12;100;2403;8
419;3;2017-04-23 16:16:45,266;36;14;100;2525;8
420;3;2017-04-23 16:16:58,311;41;16;100;3507;8
421;3;2017-04-23 16:17:11,344;41;18;100;3399;8
422;3;2017-04-23 16:17:24,374;43;20;100;3136;8
423;3;2017-04-23 16:17:37,399;45;22;100;3411;8
424;3;2017-04-23 16:17:50,442;45;24;100;3358;8
425;3;2017-04-23 16:18:03,485;48;26;100;3394;8
426;3;2017-04-23 16:18:16,528;49;28;100;2847;8
427;3;2017-04-23 16:18:29,560;49;30;100;3511;8
428;3;2017-04-23 16:18:42,590;49;32;100;2833;8
429;3;2017-04-23 16:18:55,615;50;34;100;2370;8
430;3;2017-04-23 16:19:08,658;50;36;100;2674;8
431;3;2017-04-23 16:19:21,701;49;38;100;3347;8
432;3;2017-04-23 16:19:34,729;49;40;100;2914;8
433;3;2017-04-23 16:19:47,761;49;42;100;3063;8
434;3;2017-04-23 16:20:00,781;49;44;100;2904;8
435;3;2017-04-23 16:20:13,820;50;46;100;2832;8
436;3;2017-04-23 16:20:26,847;50;48;100;3266;8
437;3;2017-04-23 16:20:39,889;49;50;100;3458;8
438;3;2017-04-23 16:20:52,916;51;52;100;3099;8
439;3;2017-04-23 16:21:05,948;51;54;100;2529;8
440;3;2017-04-23 16:21:18,992;50;56;100;2546;8
441;3;2017-04-23 16:21:32,022;50;58;100;3043;8
442;3;2017-04-23 16:21:45,066;51;60;100;2435;8
443;3;2017-04-23 16:21:58,082;51;62;100;3567;8
444;3;2017-04-23 16:22:11,121;52;64;100;2643;8
445;3;2017-04-23 16:22:24,165;52;66;100;3144;8
446;3;2017-04-23 16:22:37,208;52;68;100;3435;8
447;3;2017-04-23 16:22:50,237;52;70;100;2788;8
448;3;2017-04-23 16:23:03,267;53;72;100;3576;8
449;3;2017-04-23 16:23:16,283;53;74;100;2682;8
450;3;2017-04-23 16:23:29,322;56;76;100;2492;8
451;3;2017-04-23 16:23:42,352;56;78;100;3386;8
452;3;2017-04-23 16:23:55,396;58;80;100;2937;8
453;3;2017-04-23 16:24:08,439;59;82;100;3163;8
454;3;2017-04-23 16:24:21,482;60;84;100;3314;8
455;3;2017-04-23 16:24:34,513;60;86;100;3279;8
456;3;2017-04-23 16:24:47,545;63;88;100;2589;8
457;3;2017-04-23 16:25:00,584;64;90;100;2893;8
458;3;2017-04-23 16:25:13,628;65;92;100;3788;8
459;3;2017-04-23 16:25:26,671;66;94;100;3635;8
460;3;2017-04-23 16:25:39,715;69;96;100;3130;8
461;3;2017-04-23 16:25:52,746;70;98;100;3271;8
462;3;2017-04-23 16:26:05,777;70;100;100;3910;8
463;3;2017-04-23 16:26:18,817;74;102;100;2845;8
464;3;2017-04-23 16:26:31,846;73;104;100;2716;8
465;3;2017-04-23 16:26:44,877;74;106;100;2723;8
466;3;2017-04-23 16:26:57,902;74;108;100;3295;8
467;3;2017-04-23 16:27:10,933;73;110;100;3460;8
468;3;2017-04-23 16:27:23,977;74;112;100;3641;8
469;3;2017-04-23 16:27:37,007;72;114;100;3483;8
470;3;2017-04-23 16:27:50,053;73;116;100;2805;8
471;3;2017-04-23 16:28:03,079;74;118;100;2969;8
472;3;2017-04-23 16:28:16,107;74;120;100;3095;8
473;3;2017-04-23 16:28:29,151;74;122;100;3246;8
474;3;2017-04-23 16:28:42,193;75;124;100;2799;8
475;3;2017-04-23 16:28:55,238;76;126;100;3223;8
476;3;2017-04-23 16:29:08,269;75;128;100;3803;8
477;3;2017-04-23 16:29:21,300;74;130;100;3703;8
478;3;2017-04-23 16:29:34,340;75;132;100;2769;8
479;3;2017-04-23 16:29:47,370;75;134;100;2693;8
480;3;2017-04-23 16:30:00,415;75;136;100;3714;8
481;3;2017-04-23 16:30:13,456;75;138;100;3063;8
482;3;2017-04-23 16:30:26,500;78;140;100;3830;8
483;3;2017-04-23 16:30:39,531;78;142;100;3023;8
484;3;2017-04-23 16:30:52,547;78;144;100;3743;8
485;3;2017-04-23 16:31:05,585;78;146;100;2674;8
486;3;2017-04-23 16:31:18,629;78;148;100;3866;8
487;3;2017-04-23 16:31:31,672;77;150;100;3807;8
488;3;2017-04-23 16:31:44,700;76;152;100;3708;8
489;3;2017-04-23 16:31:57,731;76;154;100;2737;8
490;3;2017-04-23 16:32:10,763;76;156;100;3587;8
491;3;2017-04-23 16:32:23,802;75;158;100;2962;8
492;3;2017-04-23 16:32:36,832;77;160;100;3859;8
493;3;2017-04-23 16:32:49,860;76;162;100;3912;8
494;3;2017-04-23 16:33:02,903;77;164;100;3564;8
495;3;2017-04-23 16:33:15,935;76;166;100;2749;8
496;3;2017-04-23 16:33:28,979;78;168;100;2693;8
497;3;2017-04-23 16:33:42,024;77;170;100;3730;8
498;3;2017-04-23 16:33:55,048;77;172;100;2955;8
499;3;2017-04-23 16:34:08,080;77;174;100;2731;8
500;3;2017-04-23 16:34:21,108;77;176;100;3222;8
501;3;2017-04-23 16:34:34,150;77;178;100;2745;8
502;3;2017-04-23 16:34:47,194;76;180;100;3703;8
503;3;2017-04-23 16:35:00,225;77;182;100;3299;8
504;3;2017-04-23 16:35:13,256;77;184;100;2833;8
505;3;2017-04-23 16:35:26,286;77;186;100;2829;8
506;3;2017-04-23 16:35:39,325;77;188;100;3545;8
507;3;2017-04-23 16:35:52,355;76;190;100;3661;8
508;3;2017-04-23 16:36:05,398;75;192;100;3932;8
509;3;2017-04-23 16:36:18,441;73;194;100;3664;8
510;3;2017-04-23 16:36:31,487;72;196;100;3587;8
511;3;2017-04-23 16:36:44,517;73;198;100;3352;8
512;3;2017-04-23 16:36:57,543;72;200;100;3559;8
513;3;2017-04-23 16:37:10,587;73;202;100;2773;8
514;3;2017-04-23 16:37:23,630;74;204;100;3403;8
515;3;2017-04-23 16:37:36,672;75;206;100;3547;8
516;3;2017-04-23 16:37:49,719;75;208;100;2734;8
517;3;2017-04-23 16:38:02,749;73;210;100;3367;8
518;3;2017-04-23 16:38:15,765;72;212;100;4061;8
519;3;2017-04-23 16:38:28,803;73;214;100;3903;8
520;3;2017-04-23 16:38:41,846;71;216;100;2803;8
521;3;2017-04-23 16:38:54,877;71;218;100;2662;8
522;3;2017-04-23 16:39:07,909;72;220;100;2674;8
523;3;2017-04-23 16:39:20,953;73;222;100;2846;8
524;3;2017-04-23 16:39:33,982;73;224;100;2759;8
525;3;2017-04-23 16:39:47,011;70;226;100;3726;8
526;3;2017-04-23 16:40:00,049;66;228;100;3740;8
527;3;2017-04-23 16:40:13,081;65;230;100;4035;8
528;3;2017-04-23 16:40:26,120;65;232;100;3708;8
529;3;2017-04-23 16:40:39,152;65;234;100;2998;8
530;3;2017-04-23 16:40:52,181;65;236;100;3073;8
531;3;2017-04-23 16:41:05,227;65;238;100;3863;8
532;3;2017-04-23 16:41:18,273;66;240;100;3639;8
533;3;2017-04-23 16:41:31,309;65;242;100;3659;8
534;3;2017-04-23 16:41:44,341;66;244;100;3919;8
535;3;2017-04-23 16:41:57,374;66;246;100;2831;8
536;3;2017-04-23 16:42:10,414;67;248;100;3430;8
537;3;2017-04-23 16:42:23,458;66;250;100;3387;8
538;3;2017-04-23 16:42:36,488;66;252;100;3522;8
539;3;2017-04-23 16:42:49,520;66;254;100;3282;8
540;4;2017-04-23 16:44:12,706;66;255;100;3391;7
541;4;2017-04-23 16:44:25,750;65;250;100;2719;7
542;4;2017-04-23 16:44:38,780;65;245;100;3195;7
543;4;2017-04-23 16:44:51,813;66;240;100;2342;7
544;4;2017-04-23 16:45:04,853;65;235;100;2233;7
545;4;2017-04-23 16:45:17,899;65;230;100;2258;7
546;4;2017-04-23 16:45:30,942;65;225;100;3280;7
547;4;2017-04-23 16:45:43,984;64;220;100;2553;7
548;4;2017-04-23 16:45:57,027;64;215;100;2264;7
549;4;2017-04-23 16:46:10,058;64;210;100;2309;7
550;4;2017-04-23 16:46:23,075;64;205;100;3343;7
551;4;2017-04-23 16:46:36,121;64;200;100;2351;7
552;4;2017-04-23 16:46:49,152;64;195;100;2751;7
553;4;2017-04-23 16:47:02,185;64;190;100;3376;7
554;4;2017-04-23 16:47:15,217;63;185;100;2215;7
555;4;2017-04-23 16:47:28,261;63;180;100;2703;7
556;4;2017-04-23 16:47:41,290;64;175;100;2308;7
557;4;2017-04-23 16:47:54,321;64;170;100;2606;7
558;4;2017-04-23 16:48:07,352;63;165;100;2823;7
559;4;2017-04-23 16:48:20,383;63;160;100;2672;7
560;4;2017-04-23 16:48:33,405;64;155;100;3273;7
561;4;2017-04-23 16:48:46,448;63;150;100;3260;7
562;4;2017-04-23 16:48:59,491;62;145;100;3187;7
563;4;2017-04-23 16:49:12,537;63;140;100;2927;7
564;4;2017-04-23 16:49:25,583;63;135;100;2173;7
565;4;2017-04-23 16:49:38,614;62;130;100;2229;7
566;4;2017-04-23 16:49:51,653;63;125;100;2824;7
567;4;2017-04-23 16:50:04,696;62;120;100;3339;7
568;4;2017-04-23 16:50:17,739;62;115;100;3404;7
569;4;2017-04-23 16:50:30,783;62;110;100;2322;7
570;4;2017-04-23 16:50:43,815;61;105;100;2640;7
571;4;2017-04-23 16:50:56,846;61;100;100;3310;7
572;4;2017-04-23 16:51:09,877;61;95;100;3260;7
573;4;2017-04-23 16:51:22,931;60;90;100;3072;7
574;4;2017-04-23 16:51:35,973;60;85;100;2787;7
575;4;2017-04-23 16:51:49,017;60;80;100;3072;7
576;4;2017-04-23 16:52:02,061;58;75;100;2688;7
577;4;2017-04-23 16:52:15,092;57;70;100;3238;7
578;4;2017-04-23 16:52:28,123;55;65;100;2559;7
579;4;2017-04-23 16:52:41,170;54;60;100;2591;7
580;4;2017-04-23 16:52:54,205;54;55;100;2823;7
581;4;2017-04-23 16:53:07,233;52;50;100;2206;7
582;4;2017-04-23 16:53:20,265;52;45;100;2924;7
583;4;2017-04-23 16:53:33,309;51;40;100;2150;7
584;4;2017-04-23 16:53:46,339;51;35;100;2157;7
585;4;2017-04-23 16:53:59,372;51;30;100;2419;7
586;4;2017-04-23 16:54:12,409;50;25;100;2137;7
587;4;2017-04-23 16:54:25,441;49;20;100;2065;7
588;4;2017-04-23 16:54:38,468;47;15;100;3215;7
589;4;2017-04-23 16:54:51,511;41;10;100;2368;7
590;4;2017-04-23 16:55:04,556;28;5;100;2233;7
591;4;2017-04-23 16:55:17,601;0;0;100;2760;7
592;4;2017-04-23 16:55:30,631;0;0;100;2191;7
593;4;2017-04-23 16:55:43,662;0;2;100;2664;7
594;4;2017-04-23 16:55:56,700;0;4;100;2747;7
595;4;2017-04-23 16:56:09,727;0;6;100;2356;7
596;4;2017-04-23 16:56:22,756;9;8;100;1623;7
597;4;2017-04-23 16:56:35,801;29;10;100;2767;7
598;4;2017-04-23 16:56:48,847;30;12;100;2877;7
599;4;2017-04-23 16:57:01,879;34;14;100;2748;7
600;4;2017-04-23 16:57:14,910;38;16;100;1988;7
601;4;2017-04-23 16:57:27,947;37;18;100;2960;7
602;4;2017-04-23 16:57:40,990;40;20;100;2402;7
603;4;2017-04-23 16:57:54,033;42;22;100;1946;7
604;4;2017-04-23 16:58:07,063;41;24;100;1936;7
605;4;2017-04-23 16:58:20,109;43;26;100;2067;7
606;4;2017-04-23 16:58:33,137;43;28;100;1975;7
607;4;2017-04-23 16:58:46,179;42;30;100;2619;7
608;4;2017-04-23 16:58:59,222;42;32;100;2307;7
609;4;2017-04-23 16:59:12,254;42;34;100;2523;7
610;4;2017-04-23 16:59:25,282;42;36;100;2040;7
611;4;2017-04-23 16:59:38,326;42;38;100;2745;7
612;4;2017-04-23 16:59:51,358;42;40;100;3050;7
613;4;2017-04-23 17:00:04,388;42;42;100;2306;7
614;4;2017-04-23 17:00:17,418;41;44;100;2660;7
615;4;2017-04-23 17:00:30,453;41;46;100;2786;7
616;4;2017-04-23 17:00:43,485;41;48;100;2037;7
617;4;2017-04-23 17:00:56,528;41;50;100;2888;7
618;4;2017-04-23 17:01:09,556;41;52;100;2535;7
619;4;2017-04-23 17:01:22,587;41;54;100;2779;7
620;4;2017-04-23 17:01:35,631;42;56;100;2611;7
621;4;2017-04-23 17:01:48,658;42;58;100;2891;7
622;4;2017-04-23 17:02:01,701;43;60;100;2003;7
623;4;2017-04-23 17:02:14,745;42;62;100;2135;7
624;4;2017-04-23 17:02:27,773;42;64;100;3064;7
625;4;2017-04-23 17:02:40,803;43;66;100;2732;7
626;4;2017-04-23 17:02:53,847;43;68;100;3097;7
627;4;2017-04-23 17:03:06,877;42;70;100;2098;7
628;4;2017-04-23 17:03:19,921;43;72;100;2044;7
629;4;2017-04-23 17:03:32,963;44;74;100;2017;7
630;4;2017-04-23 17:03:46,007;45;76;100;2387;7
631;4;2017-04-23 17:03:59,050;45;78;100;2034;7
632;4;2017-04-23 17:04:12,096;47;80;100;2533;7
633;4;2017-04-23 17:04:25,125;47;82;100;2076;7
634;4;2017-04-23 17:04:38,168;46;84;100;1977;7
635;4;2017-04-23 17:04:51,211;46;86;100;2888;7
636;4;2017-04-23 17:05:04,254;46;88;100;3111;7
637;4;2017-04-23 17:05:17,297;47;90;100;2844;7
638;4;2017-04-23 17:05:30,343;46;92;100;2489;7
639;4;2017-04-23 17:05:43,360;48;94;100;2633;7
640;4;2017-04-23 17:05:56,390;48;96;100;2950;7
641;4;2017-04-23 17:06:09,430;49;98;100;2543;7
642;4;2017-04-23 17:06:22,467;50;100;100;2883;7
643;4;2017-04-23 17:06:35,489;52;102;100;3191;7
644;4;2017-04-23 17:06:48,528;54;104;100;2452;7
645;4;2017-04-23 17:07:01,561;56;106;100;2762;7
646;4;2017-04-23 17:07:14,606;57;108;100;3057;7
647;4;2017-04-23 17:07:27,632;57;110;100;2922;7
648;4;2017-04-23 17:07:40,663;59;112;100;2108;7
649;4;2017-04-23 17:07:53,687;60;114;100;2116;7
650;4;2017-04-23 17:08:06,718;62;116;100;2542;7
651;4;2017-04-23 17:08:19,820;62;118;100;3111;7
652;4;2017-04-23 17:08:32,849;62;120;100;3196;7
653;4;2017-04-23 17:08:45,878;62;122;100;2344;7
654;4;2017-04-23 17:08:58,914;66;124;100;2838;7
655;4;2017-04-23 17:09:11,960;70;126;100;3229;7
656;4;2017-04-23 17:09:24,999;72;128;100;2859;7
657;4;2017-04-23 17:09:38,026;71;130;100;3242;7
658;4;2017-04-23 17:09:51,069;71;132;100;2758;7
659;4;2017-04-23 17:10:04,090;71;134;100;2242;7
660;4;2017-04-23 17:10:17,116;71;136;100;2437;7
661;4;2017-04-23 17:10:30,163;72;138;100;2593;7
662;4;2017-04-23 17:10:43,190;72;140;100;2559;7
663;4;2017-04-23 17:10:56,192;71;142;100;3291;7
664;4;2017-04-23 17:11:09,223;70;144;100;2349;7
665;4;2017-04-23 17:11:22,265;71;146;100;3047;7
666;4;2017-04-23 17:11:35,294;71;148;100;2497;7
667;4;2017-04-23 17:11:48,324;71;150;100;2356;7
668;4;2017-04-23 17:12:01,327;72;152;100;2656;7
669;4;2017-04-23 17:12:14,358;71;154;100;3396;7
670;4;2017-04-23 17:12:27,396;72;156;100;2368;7
671;4;2017-04-23 17:12:40,439;73;158;100;2377;7
672;4;2017-04-23 17:12:53,471;72;160;100;2742;7
673;4;2017-04-23 17:13:06,514;72;162;100;2247;7
674;4;2017-04-23 17:13:19,545;71;164;100;2338;7
675;4;2017-04-23 17:13:32,569;71;166;100;3376;7
676;4;2017-04-23 17:13:45,596;72;168;100;3167;7
677;4;2017-04-23 17:13:58,639;73;170;100;2390;7
678;4;2017-04-23 17:14:11,672;72;172;100;3241;7
679;4;2017-04-23 17:14:24,714;73;174;100;2512;7
680;4;2017-04-23 17:14:37,745;73;176;100;3179;7
681;4;2017-04-23 17:14:50,776;73;178;100;3137;7
682;4;2017-04-23 17:15:03,807;73;180;100;3271;7
683;4;2017-04-23 17:15:16,845;73;182;100;3115;7
684;4;2017-04-23 17:15:29,877;73;184;100;2207;7
685;4;2017-04-23 17:15:42,933;75;186;100;3137;7
686;4;2017-04-23 17:15:55,978;74;188;100;2968;7
687;4;2017-04-23 17:16:09,018;75;190;100;2762;7
688;4;2017-04-23 17:16:22,038;75;192;100;2539;7
689;4;2017-04-23 17:16:35,063;74;194;100;2309;7
690;4;2017-04-23 17:16:48,095;75;196;100;3363;7
691;4;2017-04-23 17:17:01,135;75;198;100;2156;7
692;4;2017-04-23 17:17:14,178;74;200;100;3181;7
693;4;2017-04-23 17:17:27,208;73;202;100;2363;7
694;4;2017-04-23 17:17:40,241;74;204;100;2987;7
695;4;2017-04-23 17:17:53,254;74;206;100;3357;7
696;4;2017-04-23 17:18:06,283;74;208;100;3161;7
697;4;2017-04-23 17:18:19,304;75;210;100;2946;7
698;4;2017-04-23 17:18:32,348;75;212;100;2178;7
699;4;2017-04-23 17:18:45,393;75;214;100;2154;7
700;4;2017-04-23 17:18:58,437;75;216;100;2227;7
701;4;2017-04-23 17:19:11,468;75;218;100;3274;7
702;4;2017-04-23 17:19:24,495;74;220;100;3265;7
703;4;2017-04-23 17:19:37,539;74;222;100;2436;7
704;4;2017-04-23 17:19:50,577;73;224;100;2601;7
705;4;2017-04-23 17:20:03,610;73;226;100;2550;7
706;4;2017-04-23 17:20:16,641;71;228;100;2926;7
707;4;2017-04-23 17:20:29,680;71;230;100;2358;7
708;4;2017-04-23 17:20:42,712;71;232;100;2476;7
709;4;2017-04-23 17:20:55,747;71;234;100;2663;7
710;4;2017-04-23 17:21:08,767;71;236;100;2875;7
711;4;2017-04-23 17:21:21,794;70;238;100;2555;7
712;4;2017-04-23 17:21:34,828;71;240;100;2234;7
713;4;2017-04-23 17:21:47,856;71;242;100;2975;7
714;4;2017-04-23 17:22:00,886;71;244;100;2679;7
715;4;2017-04-23 17:22:13,917;71;246;100;2860;7
716;4;2017-04-23 17:22:26,946;71;248;100;3071;7
717;4;2017-04-23 17:22:39,987;71;250;100;3212;7
718;4;2017-04-23 17:22:53,030;70;252;100;3131;7
719;4;2017-04-23 17:23:06,064;71;254;100;2823;7
720;5;2017-04-23 17:53:49,554;62;255;100;1464;6
721;5;2017-04-23 17:54:02,598;63;250;100;1400;6
722;5;2017-04-23 17:54:15,641;66;245;100;1944;6
723;5;2017-04-23 17:54:28,687;66;240;100;1631;6
724;5;2017-04-23 17:54:41,718;68;235;100;2320;6
725;5;2017-04-23 17:54:54,749;68;230;100;2295;6
726;5;2017-04-23 17:55:07,788;67;225;100;1698;6
727;5;2017-04-23 17:55:20,829;67;220;100;2398;6
728;5;2017-04-23 17:55:33,859;67;215;100;2261;6
729;5;2017-04-23 17:55:46,904;68;210;100;2138;6
730;5;2017-04-23 17:55:59,935;68;205;100;2328;6
731;5;2017-04-23 17:56:12,980;67;200;100;2268;6
732;5;2017-04-23 17:56:26,011;67;195;100;2395;6
733;5;2017-04-23 17:56:39,049;67;190;100;2064;6
734;5;2017-04-23 17:56:52,091;68;185;100;2188;6
735;5;2017-04-23 17:57:05,135;66;180;100;1390;6
736;5;2017-04-23 17:57:18,174;67;175;100;1620;6
737;5;2017-04-23 17:57:31,193;67;170;100;2132;6
738;5;2017-04-23 17:57:44,227;67;165;100;2370;6
739;5;2017-04-23 17:57:57,252;67;160;100;2168;6
740;5;2017-04-23 17:58:10,281;69;155;100;2320;6
741;5;2017-04-23 17:58:23,320;70;150;100;1639;6
742;5;2017-04-23 17:58:36,352;69;145;100;2350;6
743;5;2017-04-23 17:58:49,380;70;140;100;1741;6
744;5;2017-04-23 17:59:02,412;68;135;100;1361;6
745;5;2017-04-23 17:59:15,457;70;130;100;2341;6
746;5;2017-04-23 17:59:28,481;68;125;100;1940;6
747;5;2017-04-23 17:59:41,512;69;120;100;2104;6
748;5;2017-04-23 17:59:54,544;70;115;100;1286;6
749;5;2017-04-23 18:00:07,588;68;110;100;1940;6
750;5;2017-04-23 18:00:20,612;68;105;100;1558;6
751;5;2017-04-23 18:00:33,674;68;100;100;1608;6
752;5;2017-04-23 18:00:46,712;67;95;100;1580;6
753;5;2017-04-23 18:00:59,740;67;90;100;1919;6
754;5;2017-04-23 18:01:12,772;65;85;100;1824;6
755;5;2017-04-23 18:01:25,814;64;80;100;2069;6
756;5;2017-04-23 18:01:38,859;62;75;100;2039;6
757;5;2017-04-23 18:01:51,905;60;70;100;1450;6
758;5;2017-04-23 18:02:04,936;58;65;100;1623;6
759;5;2017-04-23 18:02:17,966;56;60;100;1250;6
760;5;2017-04-23 18:02:30,991;54;55;100;2259;6
761;5;2017-04-23 18:02:44,034;54;50;100;2212;6
762;5;2017-04-23 18:02:57,064;54;45;100;2121;6
763;5;2017-04-23 18:03:10,105;55;40;100;1430;6
764;5;2017-04-23 18:03:23,151;54;35;100;1348;6
765;5;2017-04-23 18:03:36,174;54;30;100;1793;6
766;5;2017-04-23 18:03:49,207;54;25;100;1364;6
767;5;2017-04-23 18:04:02,235;53;20;100;1441;6
768;5;2017-04-23 18:04:15,267;52;15;100;2068;6
769;5;2017-04-23 18:04:28,306;46;10;100;1728;6
770;5;2017-04-23 18:04:41,336;33;5;100;1065;6
771;5;2017-04-23 18:04:54,368;1;0;100;1744;6
772;5;2017-04-23 18:05:07,414;0;0;100;1628;6
773;5;2017-04-23 18:05:20,454;0;2;100;1774;6
774;5;2017-04-23 18:05:33,491;0;4;100;1349;6
775;5;2017-04-23 18:05:46,508;0;6;100;1763;6
776;5;2017-04-23 18:05:59,552;8;8;100;1333;6
777;5;2017-04-23 18:06:12,583;26;10;100;1066;6
778;5;2017-04-23 18:06:25,615;27;12;100;1100;6
779;5;2017-04-23 18:06:38,646;34;14;100;1349;6
780;5;2017-04-23 18:06:51,679;37;16;100;1999;6
781;5;2017-04-23 18:07:04,709;37;18;100;1060;6
782;5;2017-04-23 18:07:17,741;39;20;100;1471;6
783;5;2017-04-23 18:07:30,786;41;22;100;1163;6
784;5;2017-04-23 18:07:43,829;41;24;100;2036;6
785;5;2017-04-23 18:07:56,867;42;26;100;1945;6
786;5;2017-04-23 18:08:09,891;42;28;100;2056;6
787;5;2017-04-23 18:08:22,906;42;30;100;1338;6
788;5;2017-04-23 18:08:35,931;43;32;100;1053;6
789;5;2017-04-23 18:08:48,973;44;34;100;1243;6
790;5;2017-04-23 18:09:02,015;43;36;100;1519;6
791;5;2017-04-23 18:09:15,048;44;38;100;1596;6
792;5;2017-04-23 18:09:28,090;44;40;100;2084;6
793;5;2017-04-23 18:09:41,122;44;42;100;1156;6
794;5;2017-04-23 18:09:54,161;45;44;100;1822;6
795;5;2017-04-23 18:10:07,205;44;46;100;2138;6
796;5;2017-04-23 18:10:20,247;45;48;100;2120;6
797;5;2017-04-23 18:10:33,283;46;50;100;1774;6
798;5;2017-04-23 18:10:46,322;46;52;100;1598;6
799;5;2017-04-23 18:10:59,338;46;54;100;1338;6
800;5;2017-04-23 18:11:12,365;46;56;100;1363;6
801;5;2017-04-23 18:11:25,408;46;58;100;1249;6
802;5;2017-04-23 18:11:38,451;46;60;100;1923;6
803;5;2017-04-23 18:11:51,494;47;62;100;1330;6
804;5;2017-04-23 18:12:04,526;47;64;100;2102;6
805;5;2017-04-23 18:12:17,570;47;66;100;1853;6
806;5;2017-04-23 18:12:30,600;47;68;100;1904;6
807;5;2017-04-23 18:12:43,631;46;70;100;1569;6
808;5;2017-04-23 18:12:56,667;47;72;100;1243;6
809;5;2017-04-23 18:13:09,699;49;74;100;2114;6
810;5;2017-04-23 18:13:22,742;50;76;100;1432;6
811;5;2017-04-23 18:13:35,785;51;78;100;2084;6
812;5;2017-04-23 18:13:48,831;52;80;100;1200;6
813;5;2017-04-23 18:14:01,851;53;82;100;1930;6
814;5;2017-04-23 18:14:14,881;54;84;100;2037;6
815;5;2017-04-23 18:14:27,919;55;86;100;2170;6
816;5;2017-04-23 18:14:40,946;58;88;100;1763;6
817;5;2017-04-23 18:14:53,990;58;90;100;1397;6
818;5;2017-04-23 18:15:07,032;59;92;100;1366;6
819;5;2017-04-23 18:15:20,062;60;94;100;1929;6
820;5;2017-04-23 18:15:33,095;60;96;100;2030;6
821;5;2017-04-23 18:15:46,119;60;98;100;2073;6
822;5;2017-04-23 18:15:59,162;61;100;100;1459;6
823;5;2017-04-23 18:16:12,205;63;102;100;1536;6
824;5;2017-04-23 18:16:25,248;64;104;100;1984;6
825;5;2017-04-23 18:16:38,278;66;106;100;1840;6
826;5;2017-04-23 18:16:51,314;68;108;100;2199;6
827;5;2017-04-23 18:17:04,355;69;110;100;1710;6
828;5;2017-04-23 18:17:17,388;69;112;100;1377;6
829;5;2017-04-23 18:17:30,439;69;114;100;1531;6
830;5;2017-04-23 18:17:43,469;69;116;100;1247;6
831;5;2017-04-23 18:17:56,511;70;118;100;1476;6
832;5;2017-04-23 18:18:09,558;70;120;100;1520;6
833;5;2017-04-23 18:18:22,601;70;122;100;1872;6
834;5;2017-04-23 18:18:35,634;71;124;100;2134;6
835;5;2017-04-23 18:18:48,664;71;126;100;1659;6
836;5;2017-04-23 18:19:01,700;71;128;100;1349;6
837;5;2017-04-23 18:19:14,727;70;130;100;1557;6
838;5;2017-04-23 18:19:27,759;70;132;100;1240;6
839;5;2017-04-23 18:19:40,787;70;134;100;1256;6
840;5;2017-04-23 18:19:53,818;70;136;100;1773;6
841;5;2017-04-23 18:20:06,848;71;138;100;1464;6
842;5;2017-04-23 18:20:19,866;70;140;100;1348;6
843;5;2017-04-23 18:20:32,899;71;142;100;2168;6
844;5;2017-04-23 18:20:45,931;70;144;100;1232;6
845;5;2017-04-23 18:20:58,974;71;146;100;2048;6
846;5;2017-04-23 18:21:12,004;70;148;100;1204;6
847;5;2017-04-23 18:21:25,033;71;150;100;1912;6
848;5;2017-04-23 18:21:38,064;70;152;100;2279;6
849;5;2017-04-23 18:21:51,095;70;154;100;1844;6
850;5;2017-04-23 18:22:04,131;70;156;100;1490;6
851;5;2017-04-23 18:22:17,162;69;158;100;1956;6
852;5;2017-04-23 18:22:30,205;68;160;100;1222;6
853;5;2017-04-23 18:22:43,233;69;162;100;1266;6
854;5;2017-04-23 18:22:56,263;68;164;100;1276;6
855;5;2017-04-23 18:23:09,283;68;166;100;2252;6
856;5;2017-04-23 18:23:22,304;68;168;100;1561;6
857;5;2017-04-23 18:23:35,344;69;170;100;1257;6
858;5;2017-04-23 18:23:48,374;68;172;100;1237;6
859;5;2017-04-23 18:24:01,419;68;174;100;2167;6
860;5;2017-04-23 18:24:14,448;69;176;100;2036;6
861;5;2017-04-23 18:24:27,479;68;178;100;2128;6
862;5;2017-04-23 18:24:40,504;68;180;100;2308;6
863;5;2017-04-23 18:24:53,547;69;182;100;1411;6
864;5;2017-04-23 18:25:06,580;68;184;100;2176;6
865;5;2017-04-23 18:25:19,602;68;186;100;1716;6
866;5;2017-04-23 18:25:32,621;68;188;100;2196;6
867;5;2017-04-23 18:25:45,664;68;190;100;2067;6
868;5;2017-04-23 18:25:58,695;69;192;100;1450;6
869;5;2017-04-23 18:26:11,733;69;194;100;2304;6
870;5;2017-04-23 18:26:24,764;69;196;100;1299;6
871;5;2017-04-23 18:26:37,808;68;198;100;2144;6
872;5;2017-04-23 18:26:50,851;68;200;100;1468;6
873;5;2017-04-23 18:27:03,882;69;202;100;1254;6
874;5;2017-04-23 18:27:16,926;69;204;100;1258;6
875;5;2017-04-23 18:27:29,957;70;206;100;1864;6
876;5;2017-04-23 18:27:42,987;70;208;100;1381;6
877;5;2017-04-23 18:27:56,022;69;210;100;1783;6
878;5;2017-04-23 18:28:09,049;69;212;100;1776;6
879;5;2017-04-23 18:28:22,082;70;214;100;1143;6
880;5;2017-04-23 18:28:35,111;69;216;100;1850;6
881;5;2017-04-23 18:28:48,143;69;218;100;1393;6
882;5;2017-04-23 18:29:01,188;68;220;100;1383;6
883;5;2017-04-23 18:29:14,227;69;222;100;1666;6
884;5;2017-04-23 18:29:27,271;70;224;100;1826;6
885;5;2017-04-23 18:29:40,314;69;226;100;1420;6
886;5;2017-04-23 18:29:53,357;70;228;100;2237;6
887;5;2017-04-23 18:30:06,388;69;230;100;2190;6
888;5;2017-04-23 18:30:19,419;69;232;100;1280;6
889;5;2017-04-23 18:30:32,450;68;234;100;1292;6
890;5;2017-04-23 18:30:45,491;69;236;100;2067;6
891;5;2017-04-23 18:30:58,533;69;238;100;1236;6
892;5;2017-04-23 18:31:11,576;68;240;100;1188;6
893;5;2017-04-23 18:31:24,620;68;242;100;1932;6
894;5;2017-04-23 18:31:37,651;68;244;100;1438;6
895;5;2017-04-23 18:31:50,681;68;246;100;1688;6
896;5;2017-04-23 18:32:03,713;68;248;100;1216;6
897;5;2017-04-23 18:32:16,750;68;250;100;2084;6
898;5;2017-04-23 18:32:29,781;68;252;100;1704;6
899;5;2017-04-23 18:32:42,825;68;254;100;2263;6
900;6;2017-04-23 18:42:00,318;59;255;100;1632;5
901;6;2017-04-23 18:42:13,362;61;250;100;1364;5
902;6;2017-04-23 18:42:26,392;61;245;100;888;5
903;6;2017-04-23 18:42:39,435;63;240;100;927;5
904;6;2017-04-23 18:42:52,478;64;235;100;1235;5
905;6;2017-04-23 18:43:05,521;65;230;100;880;5
906;6;2017-04-23 18:43:18,565;65;225;100;884;5
907;6;2017-04-23 18:43:31,608;65;220;100;1039;5
908;6;2017-04-23 18:43:44,639;66;215;100;891;5
909;6;2017-04-23 18:43:57,663;66;210;100;939;5
910;6;2017-04-23 18:44:10,695;66;205;100;1180;5
911;6;2017-04-23 18:44:23,738;67;200;100;1073;5
912;6;2017-04-23 18:44:36,781;67;195;100;1347;5
913;6;2017-04-23 18:44:49,823;66;190;100;1055;5
914;6;2017-04-23 18:45:02,849;67;185;100;1292;5
915;6;2017-04-23 18:45:15,871;67;180;100;892;5
916;6;2017-04-23 18:45:28,901;67;175;100;903;5
917;6;2017-04-23 18:45:41,941;68;170;100;915;5
918;6;2017-04-23 18:45:54,978;67;165;100;885;5
919;6;2017-04-23 18:46:08,017;68;160;100;1014;5
920;6;2017-04-23 18:46:21,049;67;155;100;1495;5
921;6;2017-04-23 18:46:34,071;67;150;100;1013;5
922;6;2017-04-23 18:46:47,117;67;145;100;1044;5
923;6;2017-04-23 18:47:00,153;67;140;100;1142;5
924;6;2017-04-23 18:47:13,189;68;135;100;1423;5
925;6;2017-04-23 18:47:26,213;66;130;100;1128;5
926;6;2017-04-23 18:47:39,237;67;125;100;1161;5
927;6;2017-04-23 18:47:52,272;66;120;100;1182;5
928;6;2017-04-23 18:48:05,316;68;115;100;884;5
929;6;2017-04-23 18:48:18,347;67;110;100;1127;5
930;6;2017-04-23 18:48:31,366;67;105;100;898;5
931;6;2017-04-23 18:48:44,409;66;100;100;1436;5
932;6;2017-04-23 18:48:57,448;66;95;100;1296;5
933;6;2017-04-23 18:49:10,492;67;90;100;928;5
934;6;2017-04-23 18:49:23,534;67;85;100;884;5
935;6;2017-04-23 18:49:36,578;65;80;100;1248;5
936;6;2017-04-23 18:49:49,594;64;75;100;883;5
937;6;2017-04-23 18:50:02,625;63;70;100;885;5
938;6;2017-04-23 18:50:15,665;60;65;100;1356;5
939;6;2017-04-23 18:50:28,707;58;60;100;1112;5
940;6;2017-04-23 18:50:41,751;58;55;100;1172;5
941;6;2017-04-23 18:50:54,794;58;50;100;1414;5
942;6;2017-04-23 18:51:07,825;56;45;100;884;5
943;6;2017-04-23 18:51:20,858;57;40;100;886;5
944;6;2017-04-23 18:51:33,889;55;35;100;1089;5
945;6;2017-04-23 18:51:46,911;56;30;100;885;5
946;6;2017-04-23 18:51:59,954;55;25;100;1284;5
947;6;2017-04-23 18:52:12,970;55;20;100;927;5
948;6;2017-04-23 18:52:25,998;51;15;100;1117;5
949;6;2017-04-23 18:52:39,033;43;10;100;993;5
950;6;2017-04-23 18:52:52,056;39;5;100;879;5
951;6;2017-04-23 18:53:05,080;1;0;100;905;5
952;6;2017-04-23 18:53:18,112;0;0;100;1086;5
953;6;2017-04-23 18:53:31,151;0;2;100;884;5
954;6;2017-04-23 18:53:44,182;0;4;100;880;5
955;6;2017-04-23 18:53:57,221;0;6;100;1013;5
956;6;2017-04-23 18:54:10,256;6;8;100;880;5
957;6;2017-04-23 18:54:23,287;25;10;100;883;5
958;6;2017-04-23 18:54:36,317;27;12;100;892;5
959;6;2017-04-23 18:54:49,357;33;14;100;916;5
960;6;2017-04-23 18:55:02,389;35;16;100;936;5
961;6;2017-04-23 18:55:15,429;35;18;100;879;5
962;6;2017-04-23 18:55:28,456;37;20;100;901;5
963;6;2017-04-23 18:55:41,487;39;22;100;881;5
964;6;2017-04-23 18:55:54,533;39;24;100;884;5
965;6;2017-04-23 18:56:07,565;40;26;100;907;5
966;6;2017-04-23 18:56:20,587;40;28;100;1155;5
967;6;2017-04-23 18:56:33,630;41;30;100;879;5
968;6;2017-04-23 18:56:46,673;41;32;100;1156;5
969;6;2017-04-23 18:56:59,703;42;34;100;880;5
970;6;2017-04-23 18:57:12,732;42;36;100;970;5
971;6;2017-04-23 18:57:25,750;43;38;100;888;5
972;6;2017-04-23 18:57:38,772;43;40;100;884;5
973;6;2017-04-23 18:57:51,815;43;42;100;1062;5
974;6;2017-04-23 18:58:04,858;43;44;100;882;5
975;6;2017-04-23 18:58:17,888;43;46;100;1068;5
976;6;2017-04-23 18:58:30,921;43;48;100;896;5
977;6;2017-04-23 18:58:43,964;44;50;100;989;5
978;6;2017-04-23 18:58:56,983;44;52;100;1293;5
979;6;2017-04-23 18:59:10,019;45;54;100;881;5
980;6;2017-04-23 18:59:23,051;44;56;100;1190;5
981;6;2017-04-23 18:59:36,079;44;58;100;888;5
982;6;2017-04-23 18:59:49,105;44;60;100;920;5
983;6;2017-04-23 19:00:02,149;46;62;100;1347;5
984;6;2017-04-23 19:00:15,174;46;64;100;1203;5
985;6;2017-04-23 19:00:28,197;46;66;100;884;5
986;6;2017-04-23 19:00:41,231;46;68;100;1296;5
987;6;2017-04-23 19:00:54,252;46;70;100;882;5
988;6;2017-04-23 19:01:07,292;47;72;100;1284;5
989;6;2017-04-23 19:01:20,335;48;74;100;1376;5
990;6;2017-04-23 19:01:33,364;49;76;100;883;5
991;6;2017-04-23 19:01:46,394;48;78;100;880;5
992;6;2017-04-23 19:01:59,442;50;80;100;928;5
993;6;2017-04-23 19:02:12,482;50;82;100;1044;5
994;6;2017-04-23 19:02:25,526;51;84;100;882;5
995;6;2017-04-23 19:02:38,569;50;86;100;884;5
996;6;2017-04-23 19:02:51,611;51;88;100;880;5
997;6;2017-04-23 19:03:04,658;51;90;100;1251;5
998;6;2017-04-23 19:03:17,686;52;92;100;1422;5
999;6;2017-04-23 19:03:30,715;52;94;100;881;5
1000;6;2017-04-23 19:03:43,757;52;96;100;884;5
1001;6;2017-04-23 19:03:56,801;52;98;100;1294;5
1002;6;2017-04-23 19:04:09,859;52;100;100;881;5
1003;6;2017-04-23 19:04:22,889;52;102;100;1113;5
1004;6;2017-04-23 19:04:35,936;52;104;100;1035;5
1005;6;2017-04-23 19:04:48,982;54;106;100;884;5
1006;6;2017-04-23 19:05:02,008;55;108;100;881;5
1007;6;2017-04-23 19:05:15,051;55;110;100;1282;5
1008;6;2017-04-23 19:05:28,093;55;112;100;885;5
1009;6;2017-04-23 19:05:41,137;57;114;100;1272;5
1010;6;2017-04-23 19:05:54,158;56;116;100;882;5
1011;6;2017-04-23 19:06:07,198;56;118;100;1360;5
1012;6;2017-04-23 19:06:20,245;57;120;100;900;5
1013;6;2017-04-23 19:06:33,283;58;122;100;1400;5
1014;6;2017-04-23 19:06:46,325;58;124;100;1126;5
1015;6;2017-04-23 19:06:59,354;58;126;100;1398;5
1016;6;2017-04-23 19:07:12,372;59;128;100;1480;5
1017;6;2017-04-23 19:07:25,416;60;130;100;1312;5
1018;6;2017-04-23 19:07:38,444;60;132;100;1321;5
1019;6;2017-04-23 19:07:51,491;61;134;100;882;5
1020;6;2017-04-23 19:08:04,522;62;136;100;979;5
1021;6;2017-04-23 19:08:17,561;63;138;100;888;5
1022;6;2017-04-23 19:08:30,604;64;140;100;1016;5
1023;6;2017-04-23 19:08:43,647;65;142;100;1170;5
1024;6;2017-04-23 19:08:56,691;65;144;100;880;5
1025;6;2017-04-23 19:09:09,722;66;146;100;878;5
1026;6;2017-04-23 19:09:22,739;66;148;100;881;5
1027;6;2017-04-23 19:09:35,777;66;150;100;980;5
1028;6;2017-04-23 19:09:48,803;67;152;100;880;5
1029;6;2017-04-23 19:10:01,841;67;154;100;881;5
1030;6;2017-04-23 19:10:14,863;67;156;100;1310;5
1031;6;2017-04-23 19:10:27,906;67;158;100;908;5
1032;6;2017-04-23 19:10:40,938;68;160;100;1354;5
1033;6;2017-04-23 19:10:53,982;68;162;100;1517;5
1034;6;2017-04-23 19:11:07,024;68;164;100;884;5
1035;6;2017-04-23 19:11:20,053;68;166;100;1185;5
1036;6;2017-04-23 19:11:33,095;68;168;100;1442;5
1037;6;2017-04-23 19:11:46,127;68;170;100;881;5
1038;6;2017-04-23 19:11:59,170;68;172;100;1302;5
1039;6;2017-04-23 19:12:12,205;68;174;100;1241;5
1040;6;2017-04-23 19:12:25,240;68;176;100;1512;5
1041;6;2017-04-23 19:12:38,278;68;178;100;883;5
1042;6;2017-04-23 19:12:51,314;68;180;100;940;5
1043;6;2017-04-23 19:13:04,359;68;182;100;1415;5
1044;6;2017-04-23 19:13:17,390;67;184;100;1617;5
1045;6;2017-04-23 19:13:30,448;68;186;100;1121;5
1046;6;2017-04-23 19:13:43,494;69;188;100;907;5
1047;6;2017-04-23 19:13:56,540;68;190;100;908;5
1048;6;2017-04-23 19:14:09,571;69;192;100;1312;5
1049;6;2017-04-23 19:14:22,609;68;194;100;1176;5
1050;6;2017-04-23 19:14:35,653;68;196;100;1134;5
1051;6;2017-04-23 19:14:48,676;68;198;100;1482;5
1052;6;2017-04-23 19:15:01,716;68;200;100;1216;5
1053;6;2017-04-23 19:15:14,756;68;202;100;1234;5
1054;6;2017-04-23 19:15:27,788;67;204;100;880;5
1055;6;2017-04-23 19:15:40,825;68;206;100;882;5
1056;6;2017-04-23 19:15:53,850;67;208;100;1389;5
1057;6;2017-04-23 19:16:06,868;67;210;100;895;5
1058;6;2017-04-23 19:16:19,911;67;212;100;1538;5
1059;6;2017-04-23 19:16:32,956;67;214;100;964;5
1060;6;2017-04-23 19:16:46,002;67;216;100;1588;5
1061;6;2017-04-23 19:16:59,044;67;218;100;1392;5
1062;6;2017-04-23 19:17:12,060;67;220;100;1501;5
1063;6;2017-04-23 19:17:25,109;67;222;100;942;5
1064;6;2017-04-23 19:17:38,127;67;224;100;1584;5
1065;6;2017-04-23 19:17:51,162;67;226;100;1415;5
1066;6;2017-04-23 19:18:04,210;66;228;100;1477;5
1067;6;2017-04-23 19:18:17,232;67;230;100;896;5
1068;6;2017-04-23 19:18:30,272;67;232;100;1518;5
1069;6;2017-04-23 19:18:43,315;67;234;100;1112;5
1070;6;2017-04-23 19:18:56,348;67;236;100;1348;5
1071;6;2017-04-23 19:19:09,379;67;238;100;1570;5
1072;6;2017-04-23 19:19:22,421;67;240;100;887;5
1073;6;2017-04-23 19:19:35,465;67;242;100;1466;5
1074;6;2017-04-23 19:19:48,511;67;244;100;1393;5
1075;6;2017-04-23 19:20:01,551;67;246;100;884;5
1076;6;2017-04-23 19:20:14,583;67;248;100;918;5
1077;6;2017-04-23 19:20:27,610;67;250;100;1456;5
1078;6;2017-04-23 19:20:40,638;67;252;100;896;5
1079;6;2017-04-23 19:20:53,680;66;254;100;881;5
1080;7;2017-04-23 19:24:57,718;57;255;50;2860;10
1081;7;2017-04-23 19:25:10,764;57;250;50;3832;10
1082;7;2017-04-23 19:25:23,810;57;245;50;3315;10
1083;7;2017-04-23 19:25:36,826;58;240;50;2748;10
1084;7;2017-04-23 19:25:49,857;57;235;50;3368;10
1085;7;2017-04-23 19:26:02,879;57;230;50;2717;10
1086;7;2017-04-23 19:26:15,908;58;225;50;3923;10
1087;7;2017-04-23 19:26:28,954;58;220;50;3853;10
1088;7;2017-04-23 19:26:41,984;58;215;50;3190;10
1089;7;2017-04-23 19:26:55,011;58;210;50;3485;10
1090;7;2017-04-23 19:27:08,057;60;205;50;2912;10
1091;7;2017-04-23 19:27:21,095;61;200;50;2790;10
1092;7;2017-04-23 19:27:34,127;61;195;50;3984;10
1093;7;2017-04-23 19:27:47,170;62;190;50;3347;10
1094;7;2017-04-23 19:28:00,205;63;185;50;3103;10
1095;7;2017-04-23 19:28:13,227;63;180;50;2959;10
1096;7;2017-04-23 19:28:26,258;64;175;50;3776;10
1097;7;2017-04-23 19:28:39,288;64;170;50;3142;10
1098;7;2017-04-23 19:28:52,328;64;165;50;2871;10
1099;7;2017-04-23 19:29:05,371;66;160;50;3156;10
1100;7;2017-04-23 19:29:18,401;69;155;50;3023;10
1101;7;2017-04-23 19:29:31,444;71;150;50;2935;10
1102;7;2017-04-23 19:29:44,475;73;145;50;3301;10
1103;7;2017-04-23 19:29:57,504;73;140;50;3659;10
1104;7;2017-04-23 19:30:10,535;73;135;50;3801;10
1105;7;2017-04-23 19:30:23,567;72;130;50;3595;10
1106;7;2017-04-23 19:30:36,600;72;125;50;3959;10
1107;7;2017-04-23 19:30:49,628;72;120;50;3151;10
1108;7;2017-04-23 19:31:02,657;72;115;50;3404;10
1109;7;2017-04-23 19:31:15,685;73;110;50;3032;10
1110;7;2017-04-23 19:31:28,717;73;105;50;3721;10
1111;7;2017-04-23 19:31:41,747;72;100;50;4028;10
1112;7;2017-04-23 19:31:54,778;72;95;50;2989;10
1113;7;2017-04-23 19:32:07,809;72;90;50;3044;10
1114;7;2017-04-23 19:32:20,838;72;85;50;4056;10
1115;7;2017-04-23 19:32:33,870;73;80;50;3233;10
1116;7;2017-04-23 19:32:46,900;71;75;50;3447;10
1117;7;2017-04-23 19:32:59,930;68;70;50;4011;10
1118;7;2017-04-23 19:33:12,964;66;65;50;3408;10
1119;7;2017-04-23 19:33:25,994;65;60;50;2828;10
1120;7;2017-04-23 19:33:39,024;65;55;50;3280;10
1121;7;2017-04-23 19:33:52,056;64;50;50;2870;10
1122;7;2017-04-23 19:34:05,085;64;45;50;4013;10
1123;7;2017-04-23 19:34:18,116;64;40;50;3491;10
1124;7;2017-04-23 19:34:31,147;63;35;50;3068;10
1125;7;2017-04-23 19:34:44,178;63;30;50;3086;10
1126;7;2017-04-23 19:34:57,209;62;25;50;3173;10
1127;7;2017-04-23 19:35:10,242;61;20;50;3604;10
1128;7;2017-04-23 19:35:23,273;57;15;50;3952;10
1129;7;2017-04-23 19:35:36,303;53;10;50;2675;10
1130;7;2017-04-23 19:35:49,333;42;5;50;3753;10
1131;7;2017-04-23 19:36:02,362;1;0;50;2863;10
1132;7;2017-04-23 19:36:15,394;0;0;50;2998;10
1133;7;2017-04-23 19:36:28,424;0;2;50;2781;10
1134;7;2017-04-23 19:36:41,454;0;4;50;3453;10
1135;7;2017-04-23 19:36:54,487;0;6;50;3405;10
1136;7;2017-04-23 19:37:07,517;13;8;50;2709;10
1137;7;2017-04-23 19:37:20,548;34;10;50;2630;10
1138;7;2017-04-23 19:37:33,577;35;12;50;2874;10
1139;7;2017-04-23 19:37:46,607;40;14;50;2542;10
1140;7;2017-04-23 19:37:59,638;43;16;50;2574;10
1141;7;2017-04-23 19:38:12,671;43;18;50;3511;10
1142;7;2017-04-23 19:38:25,701;45;20;50;3184;10
1143;7;2017-04-23 19:38:38,731;48;22;50;2712;10
1144;7;2017-04-23 19:38:51,762;48;24;50;2632;10
1145;7;2017-04-23 19:39:04,794;49;26;50;2871;10
1146;7;2017-04-23 19:39:17,823;49;28;50;2721;10
1147;7;2017-04-23 19:39:30,853;49;30;50;2645;10
1148;7;2017-04-23 19:39:43,884;49;32;50;3771;10
1149;7;2017-04-23 19:39:56,918;50;34;50;3308;10
1150;7;2017-04-23 19:40:09,948;50;36;50;2984;10
1151;7;2017-04-23 19:40:22,978;50;38;50;2936;10
1152;7;2017-04-23 19:40:36,008;50;40;50;2964;10
1153;7;2017-04-23 19:40:49,039;51;42;50;3213;10
1154;7;2017-04-23 19:41:02,070;51;44;50;3550;10
1155;7;2017-04-23 19:41:15,101;49;46;50;2678;10
1156;7;2017-04-23 19:41:28,132;49;48;50;3248;10
1157;7;2017-04-23 19:41:41,164;50;50;50;3789;10
1158;7;2017-04-23 19:41:54,194;49;52;50;2976;10
1159;7;2017-04-23 19:42:07,225;50;54;50;3568;10
1160;7;2017-04-23 19:42:20,257;50;56;50;2759;10
1161;7;2017-04-23 19:42:33,287;50;58;50;3824;10
1162;7;2017-04-23 19:42:46,316;50;60;50;3271;10
1163;7;2017-04-23 19:42:59,346;51;62;50;3683;10
1164;7;2017-04-23 19:43:12,377;52;64;50;3701;10
1165;7;2017-04-23 19:43:25,409;51;66;50;3784;10
1166;7;2017-04-23 19:43:38,440;52;68;50;3656;10
1167;7;2017-04-23 19:43:51,471;52;70;50;3142;10
1168;7;2017-04-23 19:44:04,500;53;72;50;2684;10
1169;7;2017-04-23 19:44:17,532;54;74;50;3537;10
1170;7;2017-04-23 19:44:30,563;54;76;50;2713;10
1171;7;2017-04-23 19:44:43,594;54;78;50;2848;10
1172;7;2017-04-23 19:44:56,624;55;80;50;3241;10
1173;7;2017-04-23 19:45:09,656;56;82;50;3232;10
1174;7;2017-04-23 19:45:22,688;55;84;50;3919;10
1175;7;2017-04-23 19:45:35,718;55;86;50;3514;10
1176;7;2017-04-23 19:45:48,749;56;88;50;3687;10
1177;7;2017-04-23 19:46:01,777;57;90;50;3908;10
1178;7;2017-04-23 19:46:14,807;56;92;50;3304;10
1179;7;2017-04-23 19:46:27,839;57;94;50;3982;10
1180;7;2017-04-23 19:46:40,871;58;96;50;2770;10
1181;7;2017-04-23 19:46:53,900;59;98;50;3542;10
1182;7;2017-04-23 19:47:06,930;60;100;50;2966;10
1183;7;2017-04-23 19:47:19,962;62;102;50;3082;10
1184;7;2017-04-23 19:47:32,992;63;104;50;3185;10
1185;7;2017-04-23 19:47:46,023;62;106;50;2793;10
1186;7;2017-04-23 19:47:59,054;63;108;50;2838;10
1187;7;2017-04-23 19:48:12,085;64;110;50;3024;10
1188;7;2017-04-23 19:48:25,116;65;112;50;4010;10
1189;7;2017-04-23 19:48:38,147;67;114;50;2943;10
1190;7;2017-04-23 19:48:51,178;69;116;50;3520;10
1191;7;2017-04-23 19:49:04,209;67;118;50;4053;10
1192;7;2017-04-23 19:49:17,240;67;120;50;3987;10
1193;7;2017-04-23 19:49:30,265;67;122;50;4049;10
1194;7;2017-04-23 19:49:43,296;69;124;50;3804;10
1195;7;2017-04-23 19:49:56,326;69;126;50;3272;10
1196;7;2017-04-23 19:50:09,354;67;128;50;3325;10
1197;7;2017-04-23 19:50:22,385;73;130;50;3812;10
1198;7;2017-04-23 19:50:35,418;73;132;50;3588;10
1199;7;2017-04-23 19:50:48,445;73;134;50;3680;10
1200;7;2017-04-23 19:51:01,475;74;136;50;3504;10
1201;7;2017-04-23 19:51:14,506;74;138;50;3881;10
1202;7;2017-04-23 19:51:27,532;74;140;50;3584;10
1203;7;2017-04-23 19:51:40,563;74;142;50;2977;10
1204;7;2017-04-23 19:51:53,592;73;144;50;2877;10
1205;7;2017-04-23 19:52:06,624;72;146;50;3851;10
1206;7;2017-04-23 19:52:19,655;72;148;50;2867;10
1207;7;2017-04-23 19:52:32,686;73;150;50;3804;10
1208;7;2017-04-23 19:52:45,715;73;152;50;3139;10
1209;7;2017-04-23 19:52:58,747;74;154;50;3051;10
1210;7;2017-04-23 19:53:11,776;72;156;50;4046;10
1211;7;2017-04-23 19:53:24,806;71;158;50;3550;10
1212;7;2017-04-23 19:53:37,836;75;160;50;3766;10
1213;7;2017-04-23 19:53:50,867;75;162;50;3112;10
1214;7;2017-04-23 19:54:03,898;75;164;50;2868;10
1215;7;2017-04-23 19:54:16,923;76;166;50;4026;10
1216;7;2017-04-23 19:54:29,954;76;168;50;3464;10
1217;7;2017-04-23 19:54:42,984;76;170;50;3406;10
1218;7;2017-04-23 19:54:56,014;76;172;50;3060;10
1219;7;2017-04-23 19:55:09,046;75;174;50;3964;10
1220;7;2017-04-23 19:55:22,074;74;176;50;3023;10
1221;7;2017-04-23 19:55:35,104;67;178;50;2967;10
1222;7;2017-04-23 19:55:48,135;58;180;50;2864;10
1223;7;2017-04-23 19:56:01,165;67;182;50;3376;10
1224;7;2017-04-23 19:56:14,195;69;184;50;3281;10
1225;7;2017-04-23 19:56:27,226;69;186;50;3929;10
1226;7;2017-04-23 19:56:40,256;71;188;50;3794;10
1227;7;2017-04-23 19:56:53,287;72;190;50;2814;10
1228;7;2017-04-23 19:57:06,317;71;192;50;3460;10
1229;7;2017-04-23 19:57:19,347;72;194;50;3855;10
1230;7;2017-04-23 19:57:32,380;72;196;50;3960;10
1231;7;2017-04-23 19:57:45,411;69;198;50;2845;10
1232;7;2017-04-23 19:57:58,440;69;200;50;2971;10
1233;7;2017-04-23 19:58:11,471;72;202;50;3231;10
1234;7;2017-04-23 19:58:24,495;73;204;50;3391;10
1235;7;2017-04-23 19:58:37,523;74;206;50;3091;10
1236;7;2017-04-23 19:58:50,555;75;208;50;3551;10
1237;7;2017-04-23 19:59:03,585;75;210;50;3364;10
1238;7;2017-04-23 19:59:16,615;74;212;50;2917;10
1239;7;2017-04-23 19:59:29,645;73;214;50;2992;10
1240;7;2017-04-23 19:59:42,675;75;216;50;2867;10
1241;7;2017-04-23 19:59:55,705;74;218;50;4104;10
1242;7;2017-04-23 20:00:08,734;76;220;50;4004;10
1243;7;2017-04-23 20:00:21,766;76;222;50;3674;10
1244;7;2017-04-23 20:00:34,798;74;224;50;4003;10
1245;7;2017-04-23 20:00:47,828;74;226;50;3356;10
1246;7;2017-04-23 20:01:00,857;75;228;50;3625;10
1247;7;2017-04-23 20:01:13,888;76;230;50;3124;10
1248;7;2017-04-23 20:01:26,918;74;232;50;3714;10
1249;7;2017-04-23 20:01:39,950;73;234;50;3941;10
1250;7;2017-04-23 20:01:52,981;74;236;50;3180;10
1251;7;2017-04-23 20:02:06,011;76;238;50;2864;10
1252;7;2017-04-23 20:02:19,041;75;240;50;3064;10
1253;7;2017-04-23 20:02:32,071;74;242;50;3660;10
1254;7;2017-04-23 20:02:45,102;74;244;50;3265;10
1255;7;2017-04-23 20:02:58,132;74;246;50;2984;10
1256;7;2017-04-23 20:03:11,164;74;248;50;2890;10
1257;7;2017-04-23 20:03:24,194;73;250;50;4002;10
1258;7;2017-04-23 20:03:37,225;73;252;50;3326;10
1259;7;2017-04-23 20:03:50,258;72;254;50;3957;10
1260;8;2017-04-23 20:08:02,180;72;255;50;3620;9
1261;8;2017-04-23 20:08:15,212;72;250;50;2751;9
1262;8;2017-04-23 20:08:28,244;72;245;50;2717;9
1263;8;2017-04-23 20:08:41,273;74;240;50;3072;9
1264;8;2017-04-23 20:08:54,305;74;235;50;3924;9
1265;8;2017-04-23 20:09:07,335;73;230;50;3893;9
1266;8;2017-04-23 20:09:20,366;74;225;50;3098;9
1267;8;2017-04-23 20:09:33,397;73;220;50;3668;9
1268;8;2017-04-23 20:09:46,428;74;215;50;3422;9
1269;8;2017-04-23 20:09:59,459;74;210;50;3748;9
1270;8;2017-04-23 20:10:12,489;73;205;50;3484;9
1271;8;2017-04-23 20:10:25,521;72;200;50;3792;9
1272;8;2017-04-23 20:10:38,551;72;195;50;2884;9
1273;8;2017-04-23 20:10:51,581;71;190;50;2784;9
1274;8;2017-04-23 20:11:04,612;70;185;50;2910;9
1275;8;2017-04-23 20:11:17,644;71;180;50;2779;9
1276;8;2017-04-23 20:11:30,675;70;175;50;3916;9
1277;8;2017-04-23 20:11:43,706;70;170;50;3883;9
1278;8;2017-04-23 20:11:56,737;71;165;50;2782;9
1279;8;2017-04-23 20:12:09,765;71;160;50;2910;9
1280;8;2017-04-23 20:12:22,796;71;155;50;3322;9
1281;8;2017-04-23 20:12:35,828;71;150;50;3128;9
1282;8;2017-04-23 20:12:48,858;70;145;50;3832;9
1283;8;2017-04-23 20:13:01,889;72;140;50;2700;9
1284;8;2017-04-23 20:13:14,919;71;135;50;3572;9
1285;8;2017-04-23 20:13:27,951;71;130;50;3458;9
1286;8;2017-04-23 20:13:40,982;69;125;50;3034;9
1287;8;2017-04-23 20:13:54,012;71;120;50;2956;9
1288;8;2017-04-23 20:14:07,042;71;115;50;2676;9
1289;8;2017-04-23 20:14:20,073;71;110;50;3252;9
1290;8;2017-04-23 20:14:33,103;72;105;50;3247;9
1291;8;2017-04-23 20:14:46,132;72;100;50;2743;9
1292;8;2017-04-23 20:14:59,155;72;95;50;3805;9
1293;8;2017-04-23 20:15:12,186;72;90;50;3884;9
1294;8;2017-04-23 20:15:25,217;72;85;50;3873;9
1295;8;2017-04-23 20:15:38,246;70;80;50;2708;9
1296;8;2017-04-23 20:15:51,277;69;75;50;3289;9
1297;8;2017-04-23 20:16:04,307;67;70;50;2625;9
1298;8;2017-04-23 20:16:17,337;63;65;50;2947;9
1299;8;2017-04-23 20:16:30,369;62;60;50;2949;9
1300;8;2017-04-23 20:16:43,397;62;55;50;2930;9
1301;8;2017-04-23 20:16:56,427;61;50;50;2637;9
1302;8;2017-04-23 20:17:09,457;61;45;50;3508;9
1303;8;2017-04-23 20:17:22,489;61;40;50;2884;9
1304;8;2017-04-23 20:17:35,513;61;35;50;2580;9
1305;8;2017-04-23 20:17:48,543;59;30;50;2752;9
1306;8;2017-04-23 20:18:01,571;59;25;50;2824;9
1307;8;2017-04-23 20:18:14,604;59;20;50;3063;9
1308;8;2017-04-23 20:18:27,636;54;15;50;2793;9
1309;8;2017-04-23 20:18:40,666;50;10;50;3285;9
1310;8;2017-04-23 20:18:53,696;37;5;50;2796;9
1311;8;2017-04-23 20:19:06,726;1;0;50;3004;9
1312;8;2017-04-23 20:19:19,756;0;0;50;3133;9
1313;8;2017-04-23 20:19:32,786;0;2;50;3185;9
1314;8;2017-04-23 20:19:45,817;0;4;50;2188;9
1315;8;2017-04-23 20:19:58,848;0;6;50;2364;9
1316;8;2017-04-23 20:20:11,878;11;8;50;2112;9
1317;8;2017-04-23 20:20:24,909;28;10;50;2750;9
1318;8;2017-04-23 20:20:37,939;28;12;50;2757;9
1319;8;2017-04-23 20:20:50,968;30;14;50;3391;9
1320;8;2017-04-23 20:21:03,998;34;16;50;2517;9
1321;8;2017-04-23 20:21:17,028;33;18;50;2988;9
1322;8;2017-04-23 20:21:30,058;38;20;50;2932;9
1323;8;2017-04-23 20:21:43,091;42;22;50;2547;9
1324;8;2017-04-23 20:21:56,122;41;24;50;3322;9
1325;8;2017-04-23 20:22:09,153;43;26;50;3511;9
1326;8;2017-04-23 20:22:22,185;45;28;50;3672;9
1327;8;2017-04-23 20:22:35,216;45;30;50;2549;9
1328;8;2017-04-23 20:22:48,246;47;32;50;3101;9
1329;8;2017-04-23 20:23:01,276;46;34;50;3660;9
1330;8;2017-04-23 20:23:14,307;46;36;50;2802;9
1331;8;2017-04-23 20:23:27,338;47;38;50;3620;9
1332;8;2017-04-23 20:23:40,369;46;40;50;3053;9
1333;8;2017-04-23 20:23:53,399;47;42;50;2974;9
1334;8;2017-04-23 20:24:06,431;48;44;50;2567;9
1335;8;2017-04-23 20:24:19,460;47;46;50;2732;9
1336;8;2017-04-23 20:24:32,490;48;48;50;3409;9
1337;8;2017-04-23 20:24:45,520;47;50;50;2560;9
1338;8;2017-04-23 20:24:58,550;47;52;50;3382;9
1339;8;2017-04-23 20:25:11,580;48;54;50;2690;9
1340;8;2017-04-23 20:25:24,609;48;56;50;3600;9
1341;8;2017-04-23 20:25:37,641;49;58;50;3195;9
1342;8;2017-04-23 20:25:50,672;50;60;50;2940;9
1343;8;2017-04-23 20:26:03,703;50;62;50;2480;9
1344;8;2017-04-23 20:26:16,733;51;64;50;2626;9
1345;8;2017-04-23 20:26:29,762;51;66;50;2982;9
1346;8;2017-04-23 20:26:42,792;51;68;50;3650;9
1347;8;2017-04-23 20:26:55,823;51;70;50;2593;9
1348;8;2017-04-23 20:27:08,853;51;72;50;3726;9
1349;8;2017-04-23 20:27:21,884;52;74;50;2634;9
1350;8;2017-04-23 20:27:34,914;53;76;50;3726;9
1351;8;2017-04-23 20:27:47,944;53;78;50;3135;9
1352;8;2017-04-23 20:28:00,976;54;80;50;2612;9
1353;8;2017-04-23 20:28:14,007;55;82;50;3648;9
1354;8;2017-04-23 20:28:27,038;55;84;50;2710;9
1355;8;2017-04-23 20:28:40,067;56;86;50;3020;9
1356;8;2017-04-23 20:28:53,097;57;88;50;2652;9
1357;8;2017-04-23 20:29:06,128;58;90;50;3617;9
1358;8;2017-04-23 20:29:19,159;59;92;50;2550;9
1359;8;2017-04-23 20:29:32,190;60;94;50;3665;9
1360;8;2017-04-23 20:29:45,221;61;96;50;3235;9
1361;8;2017-04-23 20:29:58,253;63;98;50;2648;9
1362;8;2017-04-23 20:30:11,283;67;100;50;3424;9
1363;8;2017-04-23 20:30:24,314;68;102;50;3930;9
1364;8;2017-04-23 20:30:37,346;66;104;50;3461;9
1365;8;2017-04-23 20:30:50,378;67;106;50;2830;9
1366;8;2017-04-23 20:31:03,410;66;108;50;3808;9
1367;8;2017-04-23 20:31:16,439;67;110;50;3910;9
1368;8;2017-04-23 20:31:29,470;68;112;50;2876;9
1369;8;2017-04-23 20:31:42,501;69;114;50;3653;9
1370;8;2017-04-23 20:31:55,531;69;116;50;2844;9
1371;8;2017-04-23 20:32:08,562;68;118;50;3913;9
1372;8;2017-04-23 20:32:21,593;68;120;50;3892;9
1373;8;2017-04-23 20:32:34,624;68;122;50;3335;9
1374;8;2017-04-23 20:32:47,655;69;124;50;2800;9
1375;8;2017-04-23 20:33:00,689;68;126;50;3367;9
1376;8;2017-04-23 20:33:13,719;68;128;50;2868;9
1377;8;2017-04-23 20:33:26,749;68;130;50;3012;9
1378;8;2017-04-23 20:33:39,778;68;132;50;3804;9
1379;8;2017-04-23 20:33:52,808;68;134;50;3580;9
1380;8;2017-04-23 20:34:05,840;68;136;50;3616;9
1381;8;2017-04-23 20:34:18,870;69;138;50;3876;9
1382;8;2017-04-23 20:34:31,899;68;140;50;3862;9
1383;8;2017-04-23 20:34:44,930;68;142;50;3911;9
1384;8;2017-04-23 20:34:57,961;69;144;50;3820;9
1385;8;2017-04-23 20:35:10,992;70;146;50;3658;9
1386;8;2017-04-23 20:35:24,023;70;148;50;2713;9
1387;8;2017-04-23 20:35:37,054;69;150;50;3539;9
1388;8;2017-04-23 20:35:50,084;70;152;50;3491;9
1389;8;2017-04-23 20:36:03,115;69;154;50;2750;9
1390;8;2017-04-23 20:36:16,146;69;156;50;2682;9
1391;8;2017-04-23 20:36:29,177;68;158;50;2774;9
1392;8;2017-04-23 20:36:42,208;64;160;50;3332;9
1393;8;2017-04-23 20:36:55,239;64;162;50;3153;9
1394;8;2017-04-23 20:37:08,272;65;164;50;3064;9
1395;8;2017-04-23 20:37:21,302;64;166;50;3346;9
1396;8;2017-04-23 20:37:34,333;65;168;50;3072;9
1397;8;2017-04-23 20:37:47,364;68;170;50;3304;9
1398;8;2017-04-23 20:38:00,394;66;172;50;3683;9
1399;8;2017-04-23 20:38:13,425;66;174;50;3760;9
1400;8;2017-04-23 20:38:26,455;66;176;50;3512;9
1401;8;2017-04-23 20:38:39,487;68;178;50;3723;9
1402;8;2017-04-23 20:38:52,517;69;180;50;3456;9
1403;8;2017-04-23 20:39:05,547;68;182;50;2802;9
1404;8;2017-04-23 20:39:18,578;69;184;50;3720;9
1405;8;2017-04-23 20:39:31,609;70;186;50;2762;9
1406;8;2017-04-23 20:39:44,640;68;188;50;2972;9
1407;8;2017-04-23 20:39:57,669;68;190;50;3292;9
1408;8;2017-04-23 20:40:10,698;68;192;50;2859;9
1409;8;2017-04-23 20:40:23,729;68;194;50;3426;9
1410;8;2017-04-23 20:40:36,759;68;196;50;3852;9
1411;8;2017-04-23 20:40:49,788;70;198;50;2945;9
1412;8;2017-04-23 20:41:02,820;71;200;50;3194;9
1413;8;2017-04-23 20:41:15,850;69;202;50;2689;9
1414;8;2017-04-23 20:41:28,879;70;204;50;3096;9
1415;8;2017-04-23 20:41:41,909;69;206;50;3343;9
1416;8;2017-04-23 20:41:54,941;69;208;50;3770;9
1417;8;2017-04-23 20:42:07,973;68;210;50;2825;9
1418;8;2017-04-23 20:42:21,005;68;212;50;3110;9
1419;8;2017-04-23 20:42:34,035;69;214;50;2996;9
1420;8;2017-04-23 20:42:47,066;68;216;50;2695;9
1421;8;2017-04-23 20:43:00,095;67;218;50;3066;9
1422;8;2017-04-23 20:43:13,126;66;220;50;3825;9
1423;8;2017-04-23 20:43:26,156;67;222;50;2700;9
1424;8;2017-04-23 20:43:39,186;67;224;50;3308;9
1425;8;2017-04-23 20:43:52,217;67;226;50;3534;9
1426;8;2017-04-23 20:44:05,247;67;228;50;2706;9
1427;8;2017-04-23 20:44:18,278;68;230;50;3978;9
1428;8;2017-04-23 20:44:31,307;68;232;50;2884;9
1429;8;2017-04-23 20:44:44,339;70;234;50;2914;9
1430;8;2017-04-23 20:44:57,370;71;236;50;3708;9
1431;8;2017-04-23 20:45:10,400;73;238;50;3222;9
1432;8;2017-04-23 20:45:23,432;72;240;50;2708;9
1433;8;2017-04-23 20:45:36,462;72;242;50;3484;9
1434;8;2017-04-23 20:45:49,491;71;244;50;3866;9
1435;8;2017-04-23 20:46:02,522;71;246;50;3823;9
1436;8;2017-04-23 20:46:15,554;71;248;50;3913;9
1437;8;2017-04-23 20:46:28,585;71;250;50;2777;9
1438;8;2017-04-23 20:46:41,617;72;252;50;2612;9
1439;8;2017-04-23 20:46:54,647;71;254;50;2752;9
1440;9;2017-04-23 20:50:37,598;69;255;50;2560;8
1441;9;2017-04-23 20:50:50,629;68;250;50;2283;8
1442;9;2017-04-23 20:51:03,660;69;245;50;3015;8
1443;9;2017-04-23 20:51:16,692;69;240;50;2427;8
1444;9;2017-04-23 20:51:29,722;69;235;50;3099;8
1445;9;2017-04-23 20:51:42,753;70;230;50;2991;8
1446;9;2017-04-23 20:51:55,784;71;225;50;2858;8
1447;9;2017-04-23 20:52:08,815;70;220;50;2752;8
1448;9;2017-04-23 20:52:21,845;70;215;50;3039;8
1449;9;2017-04-23 20:52:34,874;72;210;50;2136;8
1450;9;2017-04-23 20:52:47,905;71;205;50;2688;8
1451;9;2017-04-23 20:53:00,936;71;200;50;2256;8
1452;9;2017-04-23 20:53:13,967;71;195;50;2445;8
1453;9;2017-04-23 20:53:26,998;71;190;50;2746;8
1454;9;2017-04-23 20:53:40,028;71;185;50;2161;8
1455;9;2017-04-23 20:53:53,061;71;180;50;2471;8
1456;9;2017-04-23 20:54:06,089;71;175;50;2121;8
1457;9;2017-04-23 20:54:19,120;70;170;50;2717;8
1458;9;2017-04-23 20:54:32,152;70;165;50;3068;8
1459;9;2017-04-23 20:54:45,183;70;160;50;2552;8
1460;9;2017-04-23 20:54:58,215;70;155;50;3178;8
1461;9;2017-04-23 20:55:11,246;69;150;50;2583;8
1462;9;2017-04-23 20:55:24,276;70;145;50;3284;8
1463;9;2017-04-23 20:55:37,305;69;140;50;2357;8
1464;9;2017-04-23 20:55:50,336;69;135;50;2256;8
1465;9;2017-04-23 20:56:03,367;69;130;50;2258;8
1466;9;2017-04-23 20:56:16,397;69;125;50;2138;8
1467;9;2017-04-23 20:56:29,428;69;120;50;2107;8
1468;9;2017-04-23 20:56:42,459;68;115;50;2174;8
1469;9;2017-04-23 20:56:55,489;69;110;50;2508;8
1470;9;2017-04-23 20:57:08,521;70;105;50;3293;8
1471;9;2017-04-23 20:57:21,551;67;100;50;2332;8
1472;9;2017-04-23 20:57:34,579;68;95;50;2168;8
1473;9;2017-04-23 20:57:47,607;68;90;50;3260;8
1474;9;2017-04-23 20:58:00,638;66;85;50;3032;8
1475;9;2017-04-23 20:58:13,670;64;80;50;3370;8
1476;9;2017-04-23 20:58:26,699;64;75;50;2501;8
1477;9;2017-04-23 20:58:39,729;63;70;50;2655;8
1478;9;2017-04-23 20:58:52,760;60;65;50;2053;8
1479;9;2017-04-23 20:59:05,792;60;60;50;2510;8
1480;9;2017-04-23 20:59:18,823;59;55;50;2670;8
1481;9;2017-04-23 20:59:31,853;58;50;50;2008;8
1482;9;2017-04-23 20:59:44,884;57;45;50;2963;8
1483;9;2017-04-23 20:59:57,917;57;40;50;2135;8
1484;9;2017-04-23 21:00:10,946;57;35;50;2008;8
1485;9;2017-04-23 21:00:23,978;56;30;50;2822;8
1486;9;2017-04-23 21:00:37,007;56;25;50;2276;8
1487;9;2017-04-23 21:00:50,039;55;20;50;2456;8
1488;9;2017-04-23 21:01:03,071;51;15;50;2380;8
1489;9;2017-04-23 21:01:16,103;46;10;50;2053;8
1490;9;2017-04-23 21:01:29,133;41;5;50;2224;8
1491;9;2017-04-23 21:01:42,163;1;0;50;2116;8
1492;9;2017-04-23 21:01:55,197;0;0;50;1712;8
1493;9;2017-04-23 21:02:08,229;0;2;50;1862;8
1494;9;2017-04-23 21:02:21,261;0;4;50;2495;8
1495;9;2017-04-23 21:02:34,291;0;6;50;2609;8
1496;9;2017-04-23 21:02:47,322;10;8;50;1867;8
1497;9;2017-04-23 21:03:00,351;29;10;50;1732;8
1498;9;2017-04-23 21:03:13,381;30;12;50;2783;8
1499;9;2017-04-23 21:03:26,411;35;14;50;1983;8
1500;9;2017-04-23 21:03:39,442;39;16;50;2523;8
1501;9;2017-04-23 21:03:52,474;40;18;50;1940;8
1502;9;2017-04-23 21:04:05,505;41;20;50;2624;8
1503;9;2017-04-23 21:04:18,536;44;22;50;2720;8
1504;9;2017-04-23 21:04:31,566;44;24;50;2805;8
1505;9;2017-04-23 21:04:44,597;46;26;50;2344;8
1506;9;2017-04-23 21:04:57,628;46;28;50;2164;8
1507;9;2017-04-23 21:05:10,659;46;30;50;2220;8
1508;9;2017-04-23 21:05:23,688;47;32;50;2956;8
1509;9;2017-04-23 21:05:36,720;47;34;50;2132;8
1510;9;2017-04-23 21:05:49,750;46;36;50;3026;8
1511;9;2017-04-23 21:06:02,782;47;38;50;2869;8
1512;9;2017-04-23 21:06:15,813;48;40;50;2136;8
1513;9;2017-04-23 21:06:28,844;48;42;50;2008;8
1514;9;2017-04-23 21:06:41,874;48;44;50;2452;8
1515;9;2017-04-23 21:06:54,903;48;46;50;2348;8
1516;9;2017-04-23 21:07:07,933;48;48;50;2300;8
1517;9;2017-04-23 21:07:20,963;48;50;50;2551;8
1518;9;2017-04-23 21:07:33,993;48;52;50;2568;8
1519;9;2017-04-23 21:07:47,026;47;54;50;2969;8
1520;9;2017-04-23 21:08:00,057;48;56;50;2472;8
1521;9;2017-04-23 21:08:13,089;48;58;50;2932;8
1522;9;2017-04-23 21:08:26,120;48;60;50;2081;8
1523;9;2017-04-23 21:08:39,150;48;62;50;2098;8
1524;9;2017-04-23 21:08:52,182;47;64;50;2699;8
1525;9;2017-04-23 21:09:05,209;47;66;50;2715;8
1526;9;2017-04-23 21:09:18,243;47;68;50;2819;8
1527;9;2017-04-23 21:09:31,274;47;70;50;1995;8
1528;9;2017-04-23 21:09:44,305;48;72;50;2054;8
1529;9;2017-04-23 21:09:57,336;49;74;50;3020;8
1530;9;2017-04-23 21:10:10,367;50;76;50;2953;8
1531;9;2017-04-23 21:10:23,396;50;78;50;3024;8
1532;9;2017-04-23 21:10:36,428;50;80;50;1916;8
1533;9;2017-04-23 21:10:49,459;51;82;50;2045;8
1534;9;2017-04-23 21:11:02,489;50;84;50;2448;8
1535;9;2017-04-23 21:11:15,519;51;86;50;2964;8
1536;9;2017-04-23 21:11:28,549;52;88;50;2299;8
1537;9;2017-04-23 21:11:41,580;51;90;50;2224;8
1538;9;2017-04-23 21:11:54,611;53;92;50;2059;8
1539;9;2017-04-23 21:12:07,642;53;94;50;2074;8
1540;9;2017-04-23 21:12:20,672;53;96;50;2632;8
1541;9;2017-04-23 21:12:33,702;54;98;50;3041;8
1542;9;2017-04-23 21:12:46,732;55;100;50;3145;8
1543;9;2017-04-23 21:12:59,762;56;102;50;2716;8
1544;9;2017-04-23 21:13:12,792;59;104;50;2052;8
1545;9;2017-04-23 21:13:25,823;61;106;50;2199;8
1546;9;2017-04-23 21:13:38,853;62;108;50;2321;8
1547;9;2017-04-23 21:13:51,883;63;110;50;2000;8
1548;9;2017-04-23 21:14:04,915;64;112;50;2445;8
1549;9;2017-04-23 21:14:17,945;65;114;50;2112;8
1550;9;2017-04-23 21:14:30,976;65;116;50;2099;8
1551;9;2017-04-23 21:14:44,007;67;118;50;2562;8
1552;9;2017-04-23 21:14:57,038;71;120;50;3316;8
1553;9;2017-04-23 21:15:10,068;70;122;50;2324;8
1554;9;2017-04-23 21:15:23,098;70;124;50;3097;8
1555;9;2017-04-23 21:15:36,129;71;126;50;2157;8
1556;9;2017-04-23 21:15:49,160;62;128;50;2613;8
1557;9;2017-04-23 21:16:02,192;58;130;50;3229;8
1558;9;2017-04-23 21:16:15,222;59;132;50;2709;8
1559;9;2017-04-23 21:16:28,253;63;134;50;3417;8
1560;9;2017-04-23 21:16:41,284;68;136;50;3087;8
1561;9;2017-04-23 21:16:54,315;67;138;50;3023;8
1562;9;2017-04-23 21:17:07,346;68;140;50;2829;8
1563;9;2017-04-23 21:17:20,375;67;142;50;3342;8
1564;9;2017-04-23 21:17:33,404;67;144;50;2786;8
1565;9;2017-04-23 21:17:46,435;68;146;50;2560;8
1566;9;2017-04-23 21:17:59,466;67;148;50;2918;8
1567;9;2017-04-23 21:18:12,495;69;150;50;3129;8
1568;9;2017-04-23 21:18:25,526;69;152;50;3217;8
1569;9;2017-04-23 21:18:38,554;69;154;50;3139;8
1570;9;2017-04-23 21:18:51,587;66;156;50;2426;8
1571;9;2017-04-23 21:19:04,618;71;158;50;3002;8
1572;9;2017-04-23 21:19:17,649;81;160;50;3060;8
1573;9;2017-04-23 21:19:30,680;81;162;50;2816;8
1574;9;2017-04-23 21:19:43,712;80;164;50;2472;8
1575;9;2017-04-23 21:19:56,742;75;166;50;2516;8
1576;9;2017-04-23 21:20:09,774;72;168;50;3369;8
1577;9;2017-04-23 21:20:22,804;72;170;50;2187;8
1578;9;2017-04-23 21:20:35,833;71;172;50;2400;8
1579;9;2017-04-23 21:20:48,861;38;174;50;2644;8
1580;9;2017-04-23 21:21:01,893;39;176;50;3327;8
1581;9;2017-04-23 21:21:14,924;40;178;50;2101;8
1582;9;2017-04-23 21:21:27,954;40;180;50;3281;8
1583;9;2017-04-23 21:21:40,986;38;182;50;2568;8
1584;9;2017-04-23 21:21:54,017;38;184;50;2350;8
1585;9;2017-04-23 21:22:07,049;39;186;50;2553;8
1586;9;2017-04-23 21:22:20,080;39;188;50;2775;8
1587;9;2017-04-23 21:22:33,110;39;190;50;2396;8
1588;9;2017-04-23 21:22:46,143;39;192;50;2168;8
1589;9;2017-04-23 21:22:59,173;39;194;50;2631;8
1590;9;2017-04-23 21:23:12,205;39;196;50;3226;8
1591;9;2017-04-23 21:23:25,237;38;198;50;2820;8
1592;9;2017-04-23 21:23:38,269;38;200;50;3327;8
1593;9;2017-04-23 21:23:51,300;38;202;50;2207;8
1594;9;2017-04-23 21:24:04,329;39;204;50;2228;8
1595;9;2017-04-23 21:24:17,361;40;206;50;3132;8
1596;9;2017-04-23 21:24:30,392;39;208;50;2332;8
1597;9;2017-04-23 21:24:43,421;38;210;50;3431;8
1598;9;2017-04-23 21:24:56,454;38;212;50;2971;8
1599;9;2017-04-23 21:25:09,484;38;214;50;2649;8
1600;9;2017-04-23 21:25:22,512;40;216;50;2776;8
1601;9;2017-04-23 21:25:35,543;41;218;50;2482;8
1602;9;2017-04-23 21:25:48,574;41;220;50;3044;8
1603;9;2017-04-23 21:26:01,605;41;222;50;2244;8
1604;9;2017-04-23 21:26:14,635;41;224;50;2571;8
1605;9;2017-04-23 21:26:27,666;40;226;50;3036;8
1606;9;2017-04-23 21:26:40,697;41;228;50;3128;8
1607;9;2017-04-23 21:26:53,728;41;230;50;3276;8
1608;9;2017-04-23 21:27:06,758;40;232;50;2620;8
1609;9;2017-04-23 21:27:19,790;41;234;50;2673;8
1610;9;2017-04-23 21:27:32,820;41;236;50;2224;8
1611;9;2017-04-23 21:27:45,851;41;238;50;3411;8
1612;9;2017-04-23 21:27:58,882;41;240;50;2568;8
1613;9;2017-04-23 21:28:11,913;43;242;50;2716;8
1614;9;2017-04-23 21:28:24,941;42;244;50;2184;8
1615;9;2017-04-23 21:28:37,972;42;246;50;2268;8
1616;9;2017-04-23 21:28:51,004;41;248;50;2377;8
1617;9;2017-04-23 21:29:04,034;41;250;50;3381;8
1618;9;2017-04-23 21:29:17,064;41;252;50;2790;8
1619;9;2017-04-23 21:29:30,094;41;254;50;2220;8
1620;10;2017-04-23 21:31:00,480;42;255;50;1923;7
1621;10;2017-04-23 21:31:13,509;43;250;50;2384;7
1622;10;2017-04-23 21:31:26,539;42;245;50;1718;7
1623;10;2017-04-23 21:31:39,569;41;240;50;1924;7
1624;10;2017-04-23 21:31:52,599;41;235;50;2755;7
1625;10;2017-04-23 21:32:05,630;41;230;50;1723;7
1626;10;2017-04-23 21:32:18,661;42;225;50;2528;7
1627;10;2017-04-23 21:32:31,691;41;220;50;1826;7
1628;10;2017-04-23 21:32:44,722;41;215;50;2120;7
1629;10;2017-04-23 21:32:57,756;42;210;50;1807;7
1630;10;2017-04-23 21:33:10,786;41;205;50;2619;7
1631;10;2017-04-23 21:33:23,815;42;200;50;1788;7
1632;10;2017-04-23 21:33:36,845;42;195;50;2776;7
1633;10;2017-04-23 21:33:49,874;41;190;50;2496;7
1634;10;2017-04-23 21:34:02,906;41;185;50;2684;7
1635;10;2017-04-23 21:34:15,938;41;180;50;1832;7
1636;10;2017-04-23 21:34:28,968;41;175;50;1748;7
1637;10;2017-04-23 21:34:41,999;42;170;50;2855;7
1638;10;2017-04-23 21:34:55,029;40;165;50;1718;7
1639;10;2017-04-23 21:35:08,059;41;160;50;2084;7
1640;10;2017-04-23 21:35:21,089;41;155;50;2436;7
1641;10;2017-04-23 21:35:34,120;41;150;50;1812;7
1642;10;2017-04-23 21:35:47,150;41;145;50;1722;7
1643;10;2017-04-23 21:36:00,182;41;140;50;2796;7
1644;10;2017-04-23 21:36:13,214;41;135;50;2622;7
1645;10;2017-04-23 21:36:26,244;41;130;50;1745;7
1646;10;2017-04-23 21:36:39,275;40;125;50;1993;7
1647;10;2017-04-23 21:36:52,305;39;120;50;1880;7
1648;10;2017-04-23 21:37:05,336;40;115;50;2124;7
1649;10;2017-04-23 21:37:18,366;40;110;50;2573;7
1650;10;2017-04-23 21:37:31,396;38;105;50;2728;7
1651;10;2017-04-23 21:37:44,427;38;100;50;2770;7
1652;10;2017-04-23 21:37:57,462;38;95;50;2026;7
1653;10;2017-04-23 21:38:10,493;39;90;50;2213;7
1654;10;2017-04-23 21:38:23,523;39;85;50;1715;7
1655;10;2017-04-23 21:38:36,553;38;80;50;2568;7
1656;10;2017-04-23 21:38:49,584;38;75;50;2072;7
1657;10;2017-04-23 21:39:02,615;36;70;50;2519;7
1658;10;2017-04-23 21:39:15,646;35;65;50;2531;7
1659;10;2017-04-23 21:39:28,677;35;60;50;1644;7
1660;10;2017-04-23 21:39:41,709;35;55;50;2420;7
1661;10;2017-04-23 21:39:54,740;34;50;50;1724;7
1662;10;2017-04-23 21:40:07,772;34;45;50;1560;7
1663;10;2017-04-23 21:40:20,802;33;40;50;2268;7
1664;10;2017-04-23 21:40:33,833;33;35;50;1821;7
1665;10;2017-04-23 21:40:46,866;32;30;50;2224;7
1666;10;2017-04-23 21:40:59,895;33;25;50;2244;7
1667;10;2017-04-23 21:41:12,927;31;20;50;1625;7
1668;10;2017-04-23 21:41:25,957;30;15;50;1896;7
1669;10;2017-04-23 21:41:38,987;26;10;50;2081;7
1670;10;2017-04-23 21:41:52,019;26;5;50;1593;7
1671;10;2017-04-23 21:42:05,050;0;0;50;1762;7
1672;10;2017-04-23 21:42:18,083;0;0;50;1352;7
1673;10;2017-04-23 21:42:31,111;0;2;50;1892;7
1674;10;2017-04-23 21:42:44,142;0;4;50;1217;7
1675;10;2017-04-23 21:42:57,173;0;6;50;1420;7
1676;10;2017-04-23 21:43:10,203;6;8;50;1527;7
1677;10;2017-04-23 21:43:23,232;17;10;50;1308;7
1678;10;2017-04-23 21:43:36,263;19;12;50;2094;7
1679;10;2017-04-23 21:43:49,294;18;14;50;1837;7
1680;10;2017-04-23 21:44:02,326;21;16;50;1411;7
1681;10;2017-04-23 21:44:15,357;21;18;50;1357;7
1682;10;2017-04-23 21:44:28,391;22;20;50;2417;7
1683;10;2017-04-23 21:44:41,419;23;22;50;1679;7
1684;10;2017-04-23 21:44:54,451;26;24;50;2305;7
1685;10;2017-04-23 21:45:07,481;28;26;50;1468;7
1686;10;2017-04-23 21:45:20,513;29;28;50;1498;7
1687;10;2017-04-23 21:45:33,543;33;30;50;1522;7
1688;10;2017-04-23 21:45:46,575;34;32;50;1981;7
1689;10;2017-04-23 21:45:59,606;34;34;50;1958;7
1690;10;2017-04-23 21:46:12,637;35;36;50;1500;7
1691;10;2017-04-23 21:46:25,667;37;38;50;1414;7
1692;10;2017-04-23 21:46:38,699;37;40;50;1745;7
1693;10;2017-04-23 21:46:51,729;38;42;50;1612;7
1694;10;2017-04-23 21:47:04,759;38;44;50;1502;7
1695;10;2017-04-23 21:47:17,788;38;46;50;1676;7
1696;10;2017-04-23 21:47:30,820;38;48;50;1524;7
1697;10;2017-04-23 21:47:43,851;39;50;50;2143;7
1698;10;2017-04-23 21:47:56,881;39;52;50;1591;7
1699;10;2017-04-23 21:48:09,912;39;54;50;2487;7
1700;10;2017-04-23 21:48:22,942;40;56;50;2158;7
1701;10;2017-04-23 21:48:35,974;39;58;50;2192;7
1702;10;2017-04-23 21:48:49,005;40;60;50;1584;7
1703;10;2017-04-23 21:49:02,037;41;62;50;1664;7
1704;10;2017-04-23 21:49:15,068;41;64;50;2365;7
1705;10;2017-04-23 21:49:28,098;40;66;50;1557;7
1706;10;2017-04-23 21:49:41,128;40;68;50;1588;7
1707;10;2017-04-23 21:49:54,160;39;70;50;1715;7
1708;10;2017-04-23 21:50:07,190;39;72;50;1503;7
1709;10;2017-04-23 21:50:20,222;40;74;50;1652;7
1710;10;2017-04-23 21:50:33,253;41;76;50;2425;7
1711;10;2017-04-23 21:50:46,284;41;78;50;2672;7
1712;10;2017-04-23 21:50:59,314;42;80;50;1835;7
1713;10;2017-04-23 21:51:12,345;43;82;50;2028;7
1714;10;2017-04-23 21:51:25,374;42;84;50;2453;7
1715;10;2017-04-23 21:51:38,403;42;86;50;1735;7
1716;10;2017-04-23 21:51:51,433;44;88;50;2016;7
1717;10;2017-04-23 21:52:04,456;36;90;50;1628;7
1718;10;2017-04-23 21:52:17,487;25;92;50;2668;7
1719;10;2017-04-23 21:52:30,518;23;94;50;1935;7
1720;10;2017-04-23 21:52:43,548;23;96;50;2696;7
1721;10;2017-04-23 21:52:56,579;25;98;50;2626;7
1722;10;2017-04-23 21:53:09,610;28;100;50;2572;7
1723;10;2017-04-23 21:53:22,641;30;102;50;1930;7
1724;10;2017-04-23 21:53:35,673;33;104;50;2275;7
1725;10;2017-04-23 21:53:48,704;33;106;50;1767;7
1726;10;2017-04-23 21:54:01,734;32;108;50;2132;7
1727;10;2017-04-23 21:54:14,766;33;110;50;1875;7
1728;10;2017-04-23 21:54:27,796;33;112;50;2714;7
1729;10;2017-04-23 21:54:40,827;32;114;50;1928;7
1730;10;2017-04-23 21:54:53,859;32;116;50;1979;7
1731;10;2017-04-23 21:55:06,890;33;118;50;1991;7
1732;10;2017-04-23 21:55:19,922;32;120;50;1888;7
1733;10;2017-04-23 21:55:32,952;31;122;50;2579;7
1734;10;2017-04-23 21:55:45,983;32;124;50;2622;7
1735;10;2017-04-23 21:55:59,013;31;126;50;1730;7
1736;10;2017-04-23 21:56:12,045;32;128;50;2224;7
1737;10;2017-04-23 21:56:25,075;31;130;50;2728;7
1738;10;2017-04-23 21:56:38,106;32;132;50;2373;7
1739;10;2017-04-23 21:56:51,136;31;134;50;1722;7
1740;10;2017-04-23 21:57:04,167;31;136;50;2237;7
1741;10;2017-04-23 21:57:17,198;32;138;50;2783;7
1742;10;2017-04-23 21:57:30,228;32;140;50;2113;7
1743;10;2017-04-23 21:57:43,259;32;142;50;2290;7
1744;10;2017-04-23 21:57:56,288;32;144;50;1746;7
1745;10;2017-04-23 21:58:09,321;32;146;50;2131;7
1746;10;2017-04-23 21:58:22,351;31;148;50;2476;7
1747;10;2017-04-23 21:58:35,382;31;150;50;2748;7
1748;10;2017-04-23 21:58:48,411;32;152;50;2169;7
1749;10;2017-04-23 21:59:01,440;31;154;50;1769;7
1750;10;2017-04-23 21:59:14,471;32;156;50;2211;7
1751;10;2017-04-23 21:59:27,501;33;158;50;2444;7
1752;10;2017-04-23 21:59:40,531;33;160;50;1881;7
1753;10;2017-04-23 21:59:53,562;32;162;50;2675;7
1754;10;2017-04-23 22:00:06,592;34;164;50;2574;7
1755;10;2017-04-23 22:00:19,623;35;166;50;2315;7
1756;10;2017-04-23 22:00:32,652;35;168;50;2335;7
1757;10;2017-04-23 22:00:45,683;35;170;50;2123;7
1758;10;2017-04-23 22:00:58,713;36;172;50;2696;7
1759;10;2017-04-23 22:01:11,742;35;174;50;2327;7
1760;10;2017-04-23 22:01:24,772;35;176;50;2428;7
1761;10;2017-04-23 22:01:37,801;35;178;50;2047;7
1762;10;2017-04-23 22:01:50,833;34;180;50;2803;7
1763;10;2017-04-23 22:02:03,864;34;182;50;1665;7
1764;10;2017-04-23 22:02:16,894;35;184;50;2692;7
1765;10;2017-04-23 22:02:29,925;35;186;50;2247;7
1766;10;2017-04-23 22:02:42,955;35;188;50;1830;7
1767;10;2017-04-23 22:02:55,986;33;190;50;2431;7
1768;10;2017-04-23 22:03:09,018;34;192;50;2658;7
1769;10;2017-04-23 22:03:22,049;34;194;50;2188;7
1770;10;2017-04-23 22:03:35,081;35;196;50;2770;7
1771;10;2017-04-23 22:03:48,110;35;198;50;2008;7
1772;10;2017-04-23 22:04:01,141;34;200;50;2728;7
1773;10;2017-04-23 22:04:14,171;35;202;50;1763;7
1774;10;2017-04-23 22:04:27,203;36;204;50;1601;7
1775;10;2017-04-23 22:04:40,234;35;206;50;2514;7
1776;10;2017-04-23 22:04:53,265;36;208;50;1719;7
1777;10;2017-04-23 22:05:06,296;36;210;50;2229;7
1778;10;2017-04-23 22:05:19,326;35;212;50;2637;7
1779;10;2017-04-23 22:05:32,358;36;214;50;1728;7
1780;10;2017-04-23 22:05:45,389;35;216;50;1768;7
1781;10;2017-04-23 22:05:58,421;35;218;50;1756;7
1782;10;2017-04-23 22:06:11,451;34;220;50;2112;7
1783;10;2017-04-23 22:06:24,481;34;222;50;1838;7
1784;10;2017-04-23 22:06:37,513;34;224;50;1798;7
1785;10;2017-04-23 22:06:50,544;34;226;50;1771;7
1786;10;2017-04-23 22:07:03,577;34;228;50;2033;7
1787;10;2017-04-23 22:07:16,607;34;230;50;2777;7
1788;10;2017-04-23 22:07:29,638;35;232;50;2623;7
1789;10;2017-04-23 22:07:42,668;34;234;50;1897;7
1790;10;2017-04-23 22:07:55,698;34;236;50;1850;7
1791;10;2017-04-23 22:08:08,729;34;238;50;2635;7
1792;10;2017-04-23 22:08:21,761;34;240;50;2282;7
1793;10;2017-04-23 22:08:34,791;34;242;50;2122;7
1794;10;2017-04-23 22:08:47,823;33;244;50;2667;7
1795;10;2017-04-23 22:09:00,854;34;246;50;2564;7
1796;10;2017-04-23 22:09:13,885;33;248;50;1761;7
1797;10;2017-04-23 22:09:26,915;34;250;50;2581;7
1798;10;2017-04-23 22:09:39,946;34;252;50;1770;7
1799;10;2017-04-23 22:09:52,975;34;254;50;2816;7
1800;11;2017-04-23 22:12:21,864;34;255;50;1692;6
1801;11;2017-04-23 22:12:34,895;33;250;50;1404;6
1802;11;2017-04-23 22:12:47,925;34;245;50;1322;6
1803;11;2017-04-23 22:13:00,957;33;240;50;2082;6
1804;11;2017-04-23 22:13:13,988;33;235;50;2164;6
1805;11;2017-04-23 22:13:27,018;34;230;50;1568;6
1806;11;2017-04-23 22:13:40,050;34;225;50;1308;6
1807;11;2017-04-23 22:13:53,080;34;220;50;1238;6
1808;11;2017-04-23 22:14:06,111;33;215;50;2198;6
1809;11;2017-04-23 22:14:19,140;33;210;50;2257;6
1810;11;2017-04-23 22:14:32,169;33;205;50;1384;6
1811;11;2017-04-23 22:14:45,198;34;200;50;2123;6
1812;11;2017-04-23 22:14:58,230;34;195;50;1409;6
1813;11;2017-04-23 22:15:11,254;33;190;50;1507;6
1814;11;2017-04-23 22:15:24,287;32;185;50;1912;6
1815;11;2017-04-23 22:15:37,317;33;180;50;1288;6
1816;11;2017-04-23 22:15:50,350;33;175;50;1251;6
1817;11;2017-04-23 22:16:03,381;33;170;50;1519;6
1818;11;2017-04-23 22:16:16,412;33;165;50;1306;6
1819;11;2017-04-23 22:16:29,444;33;160;50;2126;6
1820;11;2017-04-23 22:16:42,475;33;155;50;1217;6
1821;11;2017-04-23 22:16:55,506;33;150;50;1500;6
1822;11;2017-04-23 22:17:08,536;33;145;50;1326;6
1823;11;2017-04-23 22:17:21,567;33;140;50;1952;6
1824;11;2017-04-23 22:17:34,597;33;135;50;1969;6
1825;11;2017-04-23 22:17:47,628;32;130;50;2058;6
1826;11;2017-04-23 22:18:00,658;32;125;50;2057;6
1827;11;2017-04-23 22:18:13,689;33;120;50;1557;6
1828;11;2017-04-23 22:18:26,722;32;115;50;1432;6
1829;11;2017-04-23 22:18:39,753;33;110;50;1256;6
1830;11;2017-04-23 22:18:52,781;32;105;50;2164;6
1831;11;2017-04-23 22:19:05,804;31;100;50;1192;6
1832;11;2017-04-23 22:19:18,834;31;95;50;2088;6
1833;11;2017-04-23 22:19:31,865;31;90;50;1926;6
1834;11;2017-04-23 22:19:44,896;31;85;50;1393;6
1835;11;2017-04-23 22:19:57,928;30;80;50;2364;6
1836;11;2017-04-23 22:20:10,959;30;75;50;1670;6
1837;11;2017-04-23 22:20:23,991;28;70;50;2115;6
1838;11;2017-04-23 22:20:37,022;27;65;50;1351;6
1839;11;2017-04-23 22:20:50,053;26;60;50;1536;6
1840;11;2017-04-23 22:21:03,083;24;55;50;1143;6
1841;11;2017-04-23 22:21:16,114;24;50;50;1453;6
1842;11;2017-04-23 22:21:29,146;24;45;50;2073;6
1843;11;2017-04-23 22:21:42,177;24;40;50;1567;6
1844;11;2017-04-23 22:21:55,207;24;35;50;1837;6
1845;11;2017-04-23 22:22:08,237;24;30;50;1153;6
1846;11;2017-04-23 22:22:21,268;23;25;50;1115;6
1847;11;2017-04-23 22:22:34,299;22;20;50;1149;6
1848;11;2017-04-23 22:22:47,331;20;15;50;1171;6
1849;11;2017-04-23 22:23:00,364;18;10;50;1386;6
1850;11;2017-04-23 22:23:13,393;13;5;50;1071;6
1851;11;2017-04-23 22:23:26,423;0;0;50;1388;6
1852;11;2017-04-23 22:23:39,454;0;0;50;920;6
1853;11;2017-04-23 22:23:52,483;0;2;50;1041;6
1854;11;2017-04-23 22:24:05,511;0;4;50;1300;6
1855;11;2017-04-23 22:24:18,541;0;6;50;987;6
1856;11;2017-04-23 22:24:31,572;5;8;50;1204;6
1857;11;2017-04-23 22:24:44,601;9;10;50;895;6
1858;11;2017-04-23 22:24:57,632;9;12;50;1318;6
1859;11;2017-04-23 22:25:10,663;11;14;50;1422;6
1860;11;2017-04-23 22:25:23,699;12;16;50;1392;6
1861;11;2017-04-23 22:25:36,729;12;18;50;1399;6
1862;11;2017-04-23 22:25:49,759;13;20;50;1724;6
1863;11;2017-04-23 22:26:02,788;14;22;50;1265;6
1864;11;2017-04-23 22:26:15,821;14;24;50;1933;6
1865;11;2017-04-23 22:26:28,851;14;26;50;1884;6
1866;11;2017-04-23 22:26:41,881;15;28;50;1213;6
1867;11;2017-04-23 22:26:54,911;15;30;50;1421;6
1868;11;2017-04-23 22:27:07,944;16;32;50;1173;6
1869;11;2017-04-23 22:27:20,973;15;34;50;1100;6
1870;11;2017-04-23 22:27:34,003;15;36;50;1612;6
1871;11;2017-04-23 22:27:47,034;15;38;50;1725;6
1872;11;2017-04-23 22:28:00,064;16;40;50;1209;6
1873;11;2017-04-23 22:28:13,095;16;42;50;1435;6
1874;11;2017-04-23 22:28:26,126;16;44;50;1078;6
1875;11;2017-04-23 22:28:39,156;16;46;50;1501;6
1876;11;2017-04-23 22:28:52,186;16;48;50;1970;6
1877;11;2017-04-23 22:29:05,218;15;50;50;2011;6
1878;11;2017-04-23 22:29:18,249;16;52;50;1199;6
1879;11;2017-04-23 22:29:31,280;16;54;50;1531;6
1880;11;2017-04-23 22:29:44,309;16;56;50;1683;6
1881;11;2017-04-23 22:29:57,339;16;58;50;1756;6
1882;11;2017-04-23 22:30:10,371;17;60;50;1348;6
1883;11;2017-04-23 22:30:23,402;17;62;50;1160;6
1884;11;2017-04-23 22:30:36,434;17;64;50;1788;6
1885;11;2017-04-23 22:30:49,465;17;66;50;1375;6
1886;11;2017-04-23 22:31:02,496;18;68;50;1945;6
1887;11;2017-04-23 22:31:15,528;17;70;50;1048;6
1888;11;2017-04-23 22:31:28,557;17;72;50;1062;6
1889;11;2017-04-23 22:31:41,589;17;74;50;1528;6
1890;11;2017-04-23 22:31:54,619;18;76;50;1980;6
1891;11;2017-04-23 22:32:07,645;18;78;50;2069;6
1892;11;2017-04-23 22:32:20,675;19;80;50;1040;6
1893;11;2017-04-23 22:32:33,707;20;82;50;1620;6
1894;11;2017-04-23 22:32:46,739;21;84;50;1497;6
1895;11;2017-04-23 22:32:59,770;21;86;50;1814;6
1896;11;2017-04-23 22:33:12,800;21;88;50;1388;6
1897;11;2017-04-23 22:33:25,831;21;90;50;1776;6
1898;11;2017-04-23 22:33:38,859;22;92;50;1936;6
1899;11;2017-04-23 22:33:51,890;22;94;50;1958;6
1900;11;2017-04-23 22:34:04,920;22;96;50;1641;6
1901;11;2017-04-23 22:34:17,950;17;98;50;1135;6
1902;11;2017-04-23 22:34:30,976;15;100;50;2052;6
1903;11;2017-04-23 22:34:44,006;16;102;50;1804;6
1904;11;2017-04-23 22:34:57,037;16;104;50;1884;6
1905;11;2017-04-23 22:35:10,075;16;106;50;1364;6
1906;11;2017-04-23 22:35:23,105;17;108;50;1792;6
1907;11;2017-04-23 22:35:36,137;17;110;50;1255;6
1908;11;2017-04-23 22:35:49,168;16;112;50;1751;6
1909;11;2017-04-23 22:36:02,203;18;114;50;1391;6
1910;11;2017-04-23 22:36:15,232;20;116;50;1290;6
1911;11;2017-04-23 22:36:28,264;20;118;50;2109;6
1912;11;2017-04-23 22:36:41,295;24;120;50;2110;6
1913;11;2017-04-23 22:36:54,325;31;122;50;2155;6
1914;11;2017-04-23 22:37:07,356;33;124;50;2097;6
1915;11;2017-04-23 22:37:20,386;34;126;50;1416;6
1916;11;2017-04-23 22:37:33,417;34;128;50;1256;6
1917;11;2017-04-23 22:37:46,448;33;130;50;2280;6
1918;11;2017-04-23 22:37:59,480;33;132;50;1867;6
1919;11;2017-04-23 22:38:12,510;33;134;50;1953;6
1920;11;2017-04-23 22:38:25,544;33;136;50;2139;6
1921;11;2017-04-23 22:38:38,574;33;138;50;1238;6
1922;11;2017-04-23 22:38:51,605;33;140;50;1623;6
1923;11;2017-04-23 22:39:04,636;32;142;50;1236;6
1924;11;2017-04-23 22:39:17,665;33;144;50;1750;6
1925;11;2017-04-23 22:39:30,695;32;146;50;1187;6
1926;11;2017-04-23 22:39:43,728;32;148;50;1721;6
1927;11;2017-04-23 22:39:56,757;33;150;50;1928;6
1928;11;2017-04-23 22:40:09,789;32;152;50;1596;6
1929;11;2017-04-23 22:40:22,817;32;154;50;1884;6
1930;11;2017-04-23 22:40:35,848;32;156;50;1184;6
1931;11;2017-04-23 22:40:48,880;32;158;50;1399;6
1932;11;2017-04-23 22:41:01,911;32;160;50;2161;6
1933;11;2017-04-23 22:41:14,942;32;162;50;1238;6
1934;11;2017-04-23 22:41:27,972;32;164;50;2303;6
1935;11;2017-04-23 22:41:41,003;32;166;50;1246;6
1936;11;2017-04-23 22:41:54,033;32;168;50;1876;6
1937;11;2017-04-23 22:42:07,066;32;170;50;1855;6
1938;11;2017-04-23 22:42:20,095;32;172;50;2125;6
1939;11;2017-04-23 22:42:33,128;32;174;50;1682;6
1940;11;2017-04-23 22:42:46,158;32;176;50;1685;6
1941;11;2017-04-23 22:42:59,187;32;178;50;1246;6
1942;11;2017-04-23 22:43:12,217;33;180;50;1740;6
1943;11;2017-04-23 22:43:25,249;32;182;50;1640;6
1944;11;2017-04-23 22:43:38,279;33;184;50;1664;6
1945;11;2017-04-23 22:43:51,309;33;186;50;1962;6
1946;11;2017-04-23 22:44:04,339;33;188;50;1213;6
1947;11;2017-04-23 22:44:17,370;33;190;50;1569;6
1948;11;2017-04-23 22:44:30,401;33;192;50;1912;6
1949;11;2017-04-23 22:44:43,433;33;194;50;1249;6
1950;11;2017-04-23 22:44:56,463;33;196;50;1141;6
1951;11;2017-04-23 22:45:09,493;33;198;50;1904;6
1952;11;2017-04-23 22:45:22,524;33;200;50;2240;6
1953;11;2017-04-23 22:45:35,554;33;202;50;2080;6
1954;11;2017-04-23 22:45:48,584;33;204;50;1776;6
1955;11;2017-04-23 22:46:01,615;32;206;50;1868;6
1956;11;2017-04-23 22:46:14,646;31;208;50;1408;6
1957;11;2017-04-23 22:46:27,675;32;210;50;1832;6
1958;11;2017-04-23 22:46:40,706;32;212;50;1266;6
1959;11;2017-04-23 22:46:53,738;32;214;50;2333;6
1960;11;2017-04-23 22:47:06,768;32;216;50;2032;6
1961;11;2017-04-23 22:47:19,798;32;218;50;1332;6
1962;11;2017-04-23 22:47:32,831;33;220;50;2001;6
1963;11;2017-04-23 22:47:45,862;33;222;50;1410;6
1964;11;2017-04-23 22:47:58,892;33;224;50;1267;6
1965;11;2017-04-23 22:48:11,921;33;226;50;2049;6
1966;11;2017-04-23 22:48:24,952;32;228;50;1736;6
1967;11;2017-04-23 22:48:37,983;32;230;50;1447;6
1968;11;2017-04-23 22:48:51,013;32;232;50;1342;6
1969;11;2017-04-23 22:49:04,044;32;234;50;1228;6
1970;11;2017-04-23 22:49:17,075;31;236;50;1220;6
1971;11;2017-04-23 22:49:30,105;32;238;50;1950;6
1972;11;2017-04-23 22:49:43,136;32;240;50;2000;6
1973;11;2017-04-23 22:49:56,168;32;242;50;1352;6
1974;11;2017-04-23 22:50:09,199;32;244;50;1976;6
1975;11;2017-04-23 22:50:22,229;32;246;50;2264;6
1976;11;2017-04-23 22:50:35,262;33;248;50;1650;6
1977;11;2017-04-23 22:50:48,293;33;250;50;2159;6
1978;11;2017-04-23 22:51:01,325;34;252;50;1428;6
1979;11;2017-04-23 22:51:14,356;33;254;50;1284;6
